#
# There is insufficient memory for the Java Runtime Environment to continue.
# Native memory allocation (mmap) failed to map 341835776 bytes for G1 virtual space
# Possible reasons:
#   The system is out of physical RAM or swap space
#   The process is running with CompressedOops enabled, and the Java Heap may be blocking the growth of the native heap
# Possible solutions:
#   Reduce memory load on the system
#   Increase physical memory or swap space
#   Check if swap backing store is full
#   Decrease Java heap size (-Xmx/-Xms)
#   Decrease number of Java threads
#   Decrease Java thread stack sizes (-Xss)
#   Set larger code cache with -XX:ReservedCodeCacheSize=
#   JVM is running with Unscaled Compressed Oops mode in which the Java heap is
#     placed in the first 4GB address space. The Java Heap base address is the
#     maximum limit for the native heap growth. Please use -XX:HeapBaseMinAddress
#     to set the Java Heap base and to place the Java Heap above 4GB virtual address.
# This output file may be truncated or incomplete.
#
#  Out of Memory Error (os_windows.cpp:3600), pid=3920, tid=24872
#
# JRE version: Java(TM) SE Runtime Environment (21.0.1+12) (build 21.0.1+12-LTS-29)
# Java VM: Java HotSpot(TM) 64-Bit Server VM (21.0.1+12-LTS-29, mixed mode, sharing, tiered, compressed oops, compressed class ptrs, g1 gc, windows-amd64)
# No core dump will be written. Minidumps are not enabled by default on client versions of Windows
#

---------------  S U M M A R Y ------------

Command Line: --add-opens=java.base/java.lang=ALL-UNNAMED --add-opens=java.base/java.lang.invoke=ALL-UNNAMED --add-opens=java.base/java.util=ALL-UNNAMED --add-opens=java.prefs/java.util.prefs=ALL-UNNAMED --add-exports=jdk.compiler/com.sun.tools.javac.api=ALL-UNNAMED --add-exports=jdk.compiler/com.sun.tools.javac.util=ALL-UNNAMED --add-opens=java.base/java.util=ALL-UNNAMED --add-opens=java.prefs/java.util.prefs=ALL-UNNAMED --add-opens=java.base/java.nio.charset=ALL-UNNAMED --add-opens=java.base/java.net=ALL-UNNAMED --add-opens=java.base/java.util.concurrent.atomic=ALL-UNNAMED --add-opens=java.xml/javax.xml.namespace=ALL-UNNAMED -XX:MaxMetaspaceSize=512m -Xmx2048m -Dfile.encoding=UTF-8 -Duser.country=IN -Duser.language=en -Duser.variant -javaagent:C:\Users\shanm\.gradle\wrapper\dists\gradle-8.14.3-bin\cv11ve7ro1n3o1j4so8xd9n66\gradle-8.14.3\lib\agents\gradle-instrumentation-agent-8.14.3.jar org.gradle.launcher.daemon.bootstrap.GradleDaemon 8.14.3

Host: AMD Ryzen 5 4600H with Radeon Graphics         , 12 cores, 7G,  Windows 11 , 64 bit Build 26100 (10.0.26100.4768)
Time: Sat Aug 23 19:50:08 2025 India Standard Time elapsed time: 103.182016 seconds (0d 0h 1m 43s)

---------------  T H R E A D  ---------------

Current thread (0x000001857127c760):  VMThread "VM Thread"          [id=24872, stack(0x000000204df00000,0x000000204e000000) (1024K)]

Stack: [0x000000204df00000,0x000000204e000000]
Native frames: (J=compiled Java code, j=interpreted, Vv=VM code, C=native code)
V  [jvm.dll+0x6c9029]
V  [jvm.dll+0x854b81]
V  [jvm.dll+0x856e5e]
V  [jvm.dll+0x857543]
V  [jvm.dll+0x280c06]
V  [jvm.dll+0x6c5715]
V  [jvm.dll+0x6ba10a]
V  [jvm.dll+0x3557ea]
V  [jvm.dll+0x35d436]
V  [jvm.dll+0x3ae1be]
V  [jvm.dll+0x3ae468]
V  [jvm.dll+0x3291fc]
V  [jvm.dll+0x329287]
V  [jvm.dll+0x36db3c]
V  [jvm.dll+0x36c33d]
V  [jvm.dll+0x328971]
V  [jvm.dll+0x36ba4a]
V  [jvm.dll+0x85d048]
V  [jvm.dll+0x85e144]
V  [jvm.dll+0x85e680]
V  [jvm.dll+0x85e923]
V  [jvm.dll+0x7fd728]
V  [jvm.dll+0x6c777d]
C  [ucrtbase.dll+0x37b0]
C  [KERNEL32.DLL+0x2e8d7]
C  [ntdll.dll+0x3c34c]

VM_Operation (0x00000020564fc6a0): G1CollectForAllocation, mode: safepoint, requested by thread 0x000001857b401280


---------------  P R O C E S S  ---------------

Threads class SMR info:
_java_thread_list=0x0000018577a82de0, length=185, elements={
0x0000018552229b70, 0x000001857129eaa0, 0x00000185712a0220, 0x00000185712a4ee0,
0x00000185712a5dd0, 0x00000185712a7cf0, 0x00000185712c9e80, 0x00000185712d02f0,
0x00000185712d3900, 0x00000185714b1440, 0x00000185716105b0, 0x000001857632b740,
0x000001857632dea0, 0x000001857632b0b0, 0x000001857632caf0, 0x000001857632e530,
0x000001857632d180, 0x000001857632d810, 0x00000185715022b0, 0x0000018571502940,
0x0000018571501c20, 0x0000018571502fd0, 0x0000018571503660, 0x0000018571503cf0,
0x0000018571500f00, 0x0000018571504a10, 0x0000018571501590, 0x0000018571507e90,
0x0000018571507170, 0x00000185715050a0, 0x0000018571505730, 0x0000018571505dc0,
0x0000018571507800, 0x0000018571506450, 0x000001857a04ed80, 0x000001857a050130,
0x000001857a0507c0, 0x000001857a04d9d0, 0x000001857a04f410, 0x000001857a04faa0,
0x0000018579f885a0, 0x0000018579f88c30, 0x0000018579f89fe0, 0x0000018579f87880,
0x0000018579f8a670, 0x0000018579f8ad00, 0x0000018579f892c0, 0x0000018579f89950,
0x0000018579f87f10, 0x000001857b5e1460, 0x000001857b5e00b0, 0x000001857b5dfa20,
0x000001857b5e2180, 0x000001857b5e2810, 0x000001857b5e1af0, 0x000001857b5e0740,
0x000001857b5e4250, 0x000001857b5e0dd0, 0x000001857b5e5600, 0x000001857b5e2ea0,
0x000001857b5e69b0, 0x000001857b5e3530, 0x000001857b5e48e0, 0x000001857b5e6320,
0x000001857b5e7040, 0x000001857b5e4f70, 0x000001857b5e3bc0, 0x000001857b5e5c90,
0x000001857b6f9160, 0x000001857b6f7720, 0x000001857b6f7db0, 0x000001857b6f8440,
0x000001857b6f8ad0, 0x000001857b6faba0, 0x000001857b6fc5e0, 0x000001857b6fe6b0,
0x000001857b6fcc70, 0x000001857b6fb8c0, 0x000001857b6fd990, 0x000001857b6fe020,
0x000001857a15f000, 0x000001857a15e970, 0x000001857a1603b0, 0x000001857a15f690,
0x000001857a15fd20, 0x000001857b032040, 0x000001857b0333f0, 0x000001857b031320,
0x000001857b0326d0, 0x000001857b02ff70, 0x000001857b033a80, 0x000001857b0319b0,
0x000001857b030600, 0x000001857b034110, 0x000001857b030c90, 0x000001857b037590,
0x000001857b0361e0, 0x000001857b0347a0, 0x000001857b036f00, 0x000001857b034e30,
0x000001857b0354c0, 0x000001857b035b50, 0x000001857b036870, 0x000001857b3fd0e0,
0x000001857b3fca50, 0x000001857b3fde00, 0x000001857b3fb010, 0x000001857b3fb6a0,
0x000001857b3fbd30, 0x000001857b3fa980, 0x000001857b3fd770, 0x000001857b3feb20,
0x000001857b3fe490, 0x000001857b3ff1b0, 0x000001857b3ff840, 0x000001857b3fc3c0,
0x000001857b401280, 0x000001857b3ffed0, 0x000001857b400560, 0x000001857b400bf0,
0x000001857b401910, 0x000001857b401fa0, 0x0000018578a784d0, 0x0000018578a75d70,
0x0000018578a76a90, 0x0000018578a77120, 0x0000018578a777b0, 0x0000018578a77e40,
0x0000018578a79880, 0x0000018578a76400, 0x0000018578a79f10, 0x0000018578a791f0,
0x0000018578a7a5a0, 0x0000018578a7bfe0, 0x0000018578a7c670, 0x0000018578a7cd00,
0x0000018578a7b950, 0x0000018578a7d390, 0x0000018578a7ac30, 0x000001857a15e2e0,
0x000001857a15dc50, 0x000001857a164550, 0x000001857a164be0, 0x000001857a163ec0,
0x000001857a163830, 0x000001857a161df0, 0x000001857a1631a0, 0x000001857a161760,
0x000001857a162480, 0x000001857a162b10, 0x000001857b6fa510, 0x00000185788c7d80,
0x00000185788ca4e0, 0x00000185788c8410, 0x00000185788cb200, 0x00000185788c9130,
0x00000185788cb890, 0x00000185788cab70, 0x00000185788cbf20, 0x00000185788c8aa0,
0x00000185788cc5b0, 0x00000185788ccc40, 0x00000185788c97c0, 0x00000185788cd2d0,
0x00000185788c9e50, 0x00000185788cf3a0, 0x00000185788cfa30, 0x00000185788d0750,
0x00000185788cdff0, 0x00000185788d00c0, 0x00000185788d0de0, 0x00000185788cd960,
0x00000185788ced10, 0x00000185788d1470, 0x00000185788ce680, 0x00000185788d4f80,
0x000001857b217db0, 0x000001857b218ad0, 0x000001857b216a00, 0x000001857b216370,
0x000001857b218440, 0x000001857b217720, 0x000001857b2197f0, 0x000001857b21a510,
0x00000185791a8da0
}

Java Threads: ( => current thread )
  0x0000018552229b70 JavaThread "main"                              [_thread_blocked, id=35064, stack(0x000000204d800000,0x000000204d900000) (1024K)]
  0x000001857129eaa0 JavaThread "Reference Handler"          daemon [_thread_blocked, id=42324, stack(0x000000204e000000,0x000000204e100000) (1024K)]
  0x00000185712a0220 JavaThread "Finalizer"                  daemon [_thread_blocked, id=9120, stack(0x000000204e100000,0x000000204e200000) (1024K)]
  0x00000185712a4ee0 JavaThread "Signal Dispatcher"          daemon [_thread_blocked, id=30632, stack(0x000000204e200000,0x000000204e300000) (1024K)]
  0x00000185712a5dd0 JavaThread "Attach Listener"            daemon [_thread_blocked, id=21412, stack(0x000000204e300000,0x000000204e400000) (1024K)]
  0x00000185712a7cf0 JavaThread "Service Thread"             daemon [_thread_blocked, id=8076, stack(0x000000204e400000,0x000000204e500000) (1024K)]
  0x00000185712c9e80 JavaThread "Monitor Deflation Thread"   daemon [_thread_blocked, id=21556, stack(0x000000204e500000,0x000000204e600000) (1024K)]
  0x00000185712d02f0 JavaThread "C2 CompilerThread0"         daemon [_thread_blocked, id=41240, stack(0x000000204e600000,0x000000204e700000) (1024K)]
  0x00000185712d3900 JavaThread "C1 CompilerThread0"         daemon [_thread_blocked, id=4648, stack(0x000000204e700000,0x000000204e800000) (1024K)]
  0x00000185714b1440 JavaThread "Common-Cleaner"             daemon [_thread_blocked, id=3756, stack(0x000000204e800000,0x000000204e900000) (1024K)]
  0x00000185716105b0 JavaThread "Notification Thread"        daemon [_thread_blocked, id=34964, stack(0x000000204e900000,0x000000204ea00000) (1024K)]
  0x000001857632b740 JavaThread "Daemon health stats"               [_thread_blocked, id=42076, stack(0x000000204ef00000,0x000000204f000000) (1024K)]
  0x000001857632dea0 JavaThread "Incoming local TCP Connector on port 55232"        [_thread_in_native, id=20884, stack(0x000000204f500000,0x000000204f600000) (1024K)]
  0x000001857632b0b0 JavaThread "Daemon periodic checks"            [_thread_blocked, id=21196, stack(0x000000204f600000,0x000000204f700000) (1024K)]
  0x000001857632caf0 JavaThread "Daemon"                            [_thread_blocked, id=44912, stack(0x000000204f700000,0x000000204f800000) (1024K)]
  0x000001857632e530 JavaThread "Handler for socket connection from /127.0.0.1:55232 to /127.0.0.1:55234"        [_thread_in_native, id=13236, stack(0x000000204f800000,0x000000204f900000) (1024K)]
  0x000001857632d180 JavaThread "Cancel handler"                    [_thread_blocked, id=2352, stack(0x000000204ea00000,0x000000204eb00000) (1024K)]
  0x000001857632d810 JavaThread "Daemon worker"                     [_thread_blocked, id=12412, stack(0x000000204f900000,0x000000204fa00000) (1024K)]
  0x00000185715022b0 JavaThread "Asynchronous log dispatcher for DefaultDaemonConnection: socket connection from /127.0.0.1:55232 to /127.0.0.1:55234"        [_thread_blocked, id=19940, stack(0x000000204fa00000,0x000000204fb00000) (1024K)]
  0x0000018571502940 JavaThread "Stdin handler"                     [_thread_blocked, id=29952, stack(0x000000204fb00000,0x000000204fc00000) (1024K)]
  0x0000018571501c20 JavaThread "Daemon client event forwarder"        [_thread_blocked, id=11444, stack(0x000000204fc00000,0x000000204fd00000) (1024K)]
  0x0000018571502fd0 JavaThread "Cache worker for journal cache (C:\Users\shanm\.gradle\caches\journal-1)"        [_thread_blocked, id=4156, stack(0x000000204fd00000,0x000000204fe00000) (1024K)]
  0x0000018571503660 JavaThread "File lock request listener"        [_thread_in_native, id=23380, stack(0x000000204fe00000,0x000000204ff00000) (1024K)]
  0x0000018571503cf0 JavaThread "Cache worker for file hash cache (C:\Users\shanm\.gradle\caches\8.14.3\fileHashes)"        [_thread_blocked, id=34724, stack(0x000000204ff00000,0x0000002050000000) (1024K)]
  0x0000018571500f00 JavaThread "Cache worker for file hash cache (C:\Works\TeleconsultationApp\TeleconsultationApp\android\.gradle\8.14.3\fileHashes)"        [_thread_blocked, id=6944, stack(0x0000002050300000,0x0000002050400000) (1024K)]
  0x0000018571504a10 JavaThread "Cache worker for Build Output Cleanup Cache (C:\Works\TeleconsultationApp\TeleconsultationApp\android\.gradle\buildOutputCleanup)"        [_thread_blocked, id=30164, stack(0x0000002050400000,0x0000002050500000) (1024K)]
  0x0000018571501590 JavaThread "File watcher server"        daemon [_thread_in_native, id=39796, stack(0x0000002050500000,0x0000002050600000) (1024K)]
  0x0000018571507e90 JavaThread "File watcher consumer"      daemon [_thread_blocked, id=23820, stack(0x0000002050600000,0x0000002050700000) (1024K)]
  0x0000018571507170 JavaThread "jar transforms"                    [_thread_blocked, id=16004, stack(0x0000002050700000,0x0000002050800000) (1024K)]
  0x00000185715050a0 JavaThread "Cache worker for checksums cache (C:\Works\TeleconsultationApp\TeleconsultationApp\android\.gradle\8.14.3\checksums)"        [_thread_blocked, id=42860, stack(0x0000002050800000,0x0000002050900000) (1024K)]
  0x0000018571505730 JavaThread "Cache worker for file content cache (C:\Users\shanm\.gradle\caches\8.14.3\fileContent)"        [_thread_blocked, id=12432, stack(0x0000002050900000,0x0000002050a00000) (1024K)]
  0x0000018571505dc0 JavaThread "Cache worker for cache directory md-supplier (C:\Users\shanm\.gradle\caches\8.14.3\md-supplier)"        [_thread_blocked, id=26596, stack(0x0000002050a00000,0x0000002050b00000) (1024K)]
  0x0000018571507800 JavaThread "Cache worker for cache directory md-rule (C:\Users\shanm\.gradle\caches\8.14.3\md-rule)"        [_thread_blocked, id=33108, stack(0x0000002050b00000,0x0000002050c00000) (1024K)]
  0x0000018571506450 JavaThread "Cache worker for Build Output Cleanup Cache (C:\Works\TeleconsultationApp\TeleconsultationApp\node_modules\@react-native\gradle-plugin\.gradle\buildOutputCleanup)"        [_thread_blocked, id=5052, stack(0x0000002050c00000,0x0000002050d00000) (1024K)]
  0x000001857a04ed80 JavaThread "Unconstrained build operations"        [_thread_blocked, id=21628, stack(0x0000002050d00000,0x0000002050e00000) (1024K)]
  0x000001857a050130 JavaThread "Unconstrained build operations Thread 2"        [_thread_blocked, id=7056, stack(0x0000002050e00000,0x0000002050f00000) (1024K)]
  0x000001857a0507c0 JavaThread "Unconstrained build operations Thread 3"        [_thread_blocked, id=11784, stack(0x0000002050f00000,0x0000002051000000) (1024K)]
  0x000001857a04d9d0 JavaThread "Unconstrained build operations Thread 4"        [_thread_blocked, id=22548, stack(0x0000002051000000,0x0000002051100000) (1024K)]
  0x000001857a04f410 JavaThread "Unconstrained build operations Thread 5"        [_thread_blocked, id=32512, stack(0x0000002051100000,0x0000002051200000) (1024K)]
  0x000001857a04faa0 JavaThread "Unconstrained build operations Thread 6"        [_thread_blocked, id=20388, stack(0x0000002051200000,0x0000002051300000) (1024K)]
  0x0000018579f885a0 JavaThread "Unconstrained build operations Thread 7"        [_thread_blocked, id=40748, stack(0x0000002051300000,0x0000002051400000) (1024K)]
  0x0000018579f88c30 JavaThread "Unconstrained build operations Thread 8"        [_thread_blocked, id=38104, stack(0x0000002051400000,0x0000002051500000) (1024K)]
  0x0000018579f89fe0 JavaThread "Unconstrained build operations Thread 9"        [_thread_blocked, id=11724, stack(0x0000002051500000,0x0000002051600000) (1024K)]
  0x0000018579f87880 JavaThread "Unconstrained build operations Thread 10"        [_thread_blocked, id=43856, stack(0x0000002051600000,0x0000002051700000) (1024K)]
  0x0000018579f8a670 JavaThread "Unconstrained build operations Thread 11"        [_thread_blocked, id=41264, stack(0x0000002051700000,0x0000002051800000) (1024K)]
  0x0000018579f8ad00 JavaThread "Unconstrained build operations Thread 12"        [_thread_blocked, id=43256, stack(0x0000002051800000,0x0000002051900000) (1024K)]
  0x0000018579f892c0 JavaThread "Unconstrained build operations Thread 13"        [_thread_blocked, id=41460, stack(0x0000002051900000,0x0000002051a00000) (1024K)]
  0x0000018579f89950 JavaThread "Unconstrained build operations Thread 14"        [_thread_blocked, id=25740, stack(0x0000002051a00000,0x0000002051b00000) (1024K)]
  0x0000018579f87f10 JavaThread "Unconstrained build operations Thread 15"        [_thread_blocked, id=3540, stack(0x0000002051b00000,0x0000002051c00000) (1024K)]
  0x000001857b5e1460 JavaThread "Unconstrained build operations Thread 16"        [_thread_blocked, id=18956, stack(0x0000002051c00000,0x0000002051d00000) (1024K)]
  0x000001857b5e00b0 JavaThread "Unconstrained build operations Thread 17"        [_thread_blocked, id=21016, stack(0x0000002051d00000,0x0000002051e00000) (1024K)]
  0x000001857b5dfa20 JavaThread "Unconstrained build operations Thread 18"        [_thread_blocked, id=43140, stack(0x0000002051e00000,0x0000002051f00000) (1024K)]
  0x000001857b5e2180 JavaThread "Unconstrained build operations Thread 19"        [_thread_blocked, id=31452, stack(0x0000002051f00000,0x0000002052000000) (1024K)]
  0x000001857b5e2810 JavaThread "Unconstrained build operations Thread 20"        [_thread_blocked, id=41832, stack(0x0000002052000000,0x0000002052100000) (1024K)]
  0x000001857b5e1af0 JavaThread "Unconstrained build operations Thread 21"        [_thread_blocked, id=3108, stack(0x0000002052100000,0x0000002052200000) (1024K)]
  0x000001857b5e0740 JavaThread "Unconstrained build operations Thread 22"        [_thread_blocked, id=31800, stack(0x0000002052200000,0x0000002052300000) (1024K)]
  0x000001857b5e4250 JavaThread "Unconstrained build operations Thread 23"        [_thread_blocked, id=42140, stack(0x0000002052300000,0x0000002052400000) (1024K)]
  0x000001857b5e0dd0 JavaThread "Unconstrained build operations Thread 24"        [_thread_blocked, id=31292, stack(0x0000002052400000,0x0000002052500000) (1024K)]
  0x000001857b5e5600 JavaThread "Unconstrained build operations Thread 25"        [_thread_blocked, id=42104, stack(0x0000002052500000,0x0000002052600000) (1024K)]
  0x000001857b5e2ea0 JavaThread "Unconstrained build operations Thread 26"        [_thread_blocked, id=34452, stack(0x0000002052600000,0x0000002052700000) (1024K)]
  0x000001857b5e69b0 JavaThread "Unconstrained build operations Thread 27"        [_thread_blocked, id=20180, stack(0x0000002052700000,0x0000002052800000) (1024K)]
  0x000001857b5e3530 JavaThread "Unconstrained build operations Thread 28"        [_thread_blocked, id=5800, stack(0x0000002052800000,0x0000002052900000) (1024K)]
  0x000001857b5e48e0 JavaThread "Unconstrained build operations Thread 29"        [_thread_blocked, id=39116, stack(0x0000002052900000,0x0000002052a00000) (1024K)]
  0x000001857b5e6320 JavaThread "Unconstrained build operations Thread 30"        [_thread_blocked, id=29920, stack(0x0000002052a00000,0x0000002052b00000) (1024K)]
  0x000001857b5e7040 JavaThread "Unconstrained build operations Thread 31"        [_thread_blocked, id=10376, stack(0x0000002052b00000,0x0000002052c00000) (1024K)]
  0x000001857b5e4f70 JavaThread "Unconstrained build operations Thread 32"        [_thread_blocked, id=35164, stack(0x0000002052c00000,0x0000002052d00000) (1024K)]
  0x000001857b5e3bc0 JavaThread "Unconstrained build operations Thread 33"        [_thread_blocked, id=8140, stack(0x0000002052d00000,0x0000002052e00000) (1024K)]
  0x000001857b5e5c90 JavaThread "Unconstrained build operations Thread 34"        [_thread_blocked, id=16720, stack(0x0000002052e00000,0x0000002052f00000) (1024K)]
  0x000001857b6f9160 JavaThread "Unconstrained build operations Thread 35"        [_thread_blocked, id=32932, stack(0x0000002052f00000,0x0000002053000000) (1024K)]
  0x000001857b6f7720 JavaThread "Unconstrained build operations Thread 36"        [_thread_blocked, id=10952, stack(0x0000002053000000,0x0000002053100000) (1024K)]
  0x000001857b6f7db0 JavaThread "Unconstrained build operations Thread 37"        [_thread_blocked, id=25880, stack(0x0000002053100000,0x0000002053200000) (1024K)]
  0x000001857b6f8440 JavaThread "Unconstrained build operations Thread 38"        [_thread_blocked, id=40452, stack(0x0000002053200000,0x0000002053300000) (1024K)]
  0x000001857b6f8ad0 JavaThread "Unconstrained build operations Thread 39"        [_thread_blocked, id=41496, stack(0x0000002053300000,0x0000002053400000) (1024K)]
  0x000001857b6faba0 JavaThread "build event listener"              [_thread_blocked, id=21080, stack(0x0000002053400000,0x0000002053500000) (1024K)]
  0x000001857b6fc5e0 JavaThread "Memory manager"                    [_thread_blocked, id=35452, stack(0x0000002050000000,0x0000002050100000) (1024K)]
  0x000001857b6fe6b0 JavaThread "ForkJoinPool.commonPool-worker-1" daemon [_thread_blocked, id=4264, stack(0x0000002053600000,0x0000002053700000) (1024K)]
  0x000001857b6fcc70 JavaThread "ForkJoinPool.commonPool-worker-2" daemon [_thread_blocked, id=33416, stack(0x0000002053700000,0x0000002053800000) (1024K)]
  0x000001857b6fb8c0 JavaThread "ForkJoinPool.commonPool-worker-3" daemon [_thread_blocked, id=26492, stack(0x0000002053800000,0x0000002053900000) (1024K)]
  0x000001857b6fd990 JavaThread "ForkJoinPool.commonPool-worker-5" daemon [_thread_blocked, id=25732, stack(0x0000002053a00000,0x0000002053b00000) (1024K)]
  0x000001857b6fe020 JavaThread "ForkJoinPool.commonPool-worker-6" daemon [_thread_blocked, id=32296, stack(0x0000002053b00000,0x0000002053c00000) (1024K)]
  0x000001857a15f000 JavaThread "ForkJoinPool.commonPool-worker-7" daemon [_thread_blocked, id=12340, stack(0x0000002053c00000,0x0000002053d00000) (1024K)]
  0x000001857a15e970 JavaThread "ForkJoinPool.commonPool-worker-8" daemon [_thread_blocked, id=39308, stack(0x0000002053d00000,0x0000002053e00000) (1024K)]
  0x000001857a1603b0 JavaThread "ForkJoinPool.commonPool-worker-9" daemon [_thread_blocked, id=32256, stack(0x0000002053e00000,0x0000002053f00000) (1024K)]
  0x000001857a15f690 JavaThread "ForkJoinPool.commonPool-worker-10" daemon [_thread_blocked, id=27752, stack(0x0000002053f00000,0x0000002054000000) (1024K)]
  0x000001857a15fd20 JavaThread "ForkJoinPool.commonPool-worker-11" daemon [_thread_blocked, id=43324, stack(0x0000002054000000,0x0000002054100000) (1024K)]
  0x000001857b032040 JavaThread "Execution worker"                  [_thread_blocked, id=8508, stack(0x0000002054500000,0x0000002054600000) (1024K)]
  0x000001857b0333f0 JavaThread "Execution worker Thread 2"         [_thread_blocked, id=26292, stack(0x0000002054600000,0x0000002054700000) (1024K)]
  0x000001857b031320 JavaThread "Execution worker Thread 3"         [_thread_blocked, id=25476, stack(0x0000002054700000,0x0000002054800000) (1024K)]
  0x000001857b0326d0 JavaThread "Execution worker Thread 4"         [_thread_blocked, id=39512, stack(0x0000002054800000,0x0000002054900000) (1024K)]
  0x000001857b02ff70 JavaThread "Execution worker Thread 5"         [_thread_blocked, id=14764, stack(0x0000002054900000,0x0000002054a00000) (1024K)]
  0x000001857b033a80 JavaThread "Execution worker Thread 6"         [_thread_blocked, id=36660, stack(0x0000002054a00000,0x0000002054b00000) (1024K)]
  0x000001857b0319b0 JavaThread "Execution worker Thread 7"         [_thread_blocked, id=19488, stack(0x0000002054b00000,0x0000002054c00000) (1024K)]
  0x000001857b030600 JavaThread "Execution worker Thread 8"         [_thread_blocked, id=4712, stack(0x0000002054c00000,0x0000002054d00000) (1024K)]
  0x000001857b034110 JavaThread "Execution worker Thread 9"         [_thread_blocked, id=30404, stack(0x0000002054d00000,0x0000002054e00000) (1024K)]
  0x000001857b030c90 JavaThread "Execution worker Thread 10"        [_thread_blocked, id=44056, stack(0x0000002054e00000,0x0000002054f00000) (1024K)]
  0x000001857b037590 JavaThread "Execution worker Thread 11"        [_thread_blocked, id=26284, stack(0x0000002054f00000,0x0000002055000000) (1024K)]
  0x000001857b0361e0 JavaThread "Cache worker for execution history cache (C:\Works\TeleconsultationApp\TeleconsultationApp\node_modules\@react-native\gradle-plugin\.gradle\8.14.3\executionHistory)"        [_thread_blocked, id=31216, stack(0x0000002055000000,0x0000002055100000) (1024K)]
  0x000001857b0347a0 JavaThread "Unconstrained build operations Thread 40"        [_thread_blocked, id=12868, stack(0x0000002055100000,0x0000002055200000) (1024K)]
  0x000001857b036f00 JavaThread "Unconstrained build operations Thread 41"        [_thread_blocked, id=7872, stack(0x0000002055200000,0x0000002055300000) (1024K)]
  0x000001857b034e30 JavaThread "Unconstrained build operations Thread 42"        [_thread_blocked, id=19304, stack(0x0000002055300000,0x0000002055400000) (1024K)]
  0x000001857b0354c0 JavaThread "Unconstrained build operations Thread 43"        [_thread_blocked, id=25404, stack(0x0000002055400000,0x0000002055500000) (1024K)]
  0x000001857b035b50 JavaThread "Unconstrained build operations Thread 44"        [_thread_blocked, id=4328, stack(0x0000002055500000,0x0000002055600000) (1024K)]
  0x000001857b036870 JavaThread "Unconstrained build operations Thread 45"        [_thread_blocked, id=31248, stack(0x0000002055600000,0x0000002055700000) (1024K)]
  0x000001857b3fd0e0 JavaThread "Unconstrained build operations Thread 46"        [_thread_blocked, id=25520, stack(0x0000002055700000,0x0000002055800000) (1024K)]
  0x000001857b3fca50 JavaThread "Unconstrained build operations Thread 47"        [_thread_blocked, id=43124, stack(0x0000002055800000,0x0000002055900000) (1024K)]
  0x000001857b3fde00 JavaThread "Unconstrained build operations Thread 48"        [_thread_blocked, id=41756, stack(0x0000002055900000,0x0000002055a00000) (1024K)]
  0x000001857b3fb010 JavaThread "Unconstrained build operations Thread 49"        [_thread_blocked, id=3060, stack(0x0000002055a00000,0x0000002055b00000) (1024K)]
  0x000001857b3fb6a0 JavaThread "Unconstrained build operations Thread 50"        [_thread_blocked, id=7124, stack(0x0000002055b00000,0x0000002055c00000) (1024K)]
  0x000001857b3fbd30 JavaThread "Unconstrained build operations Thread 51"        [_thread_blocked, id=28320, stack(0x0000002055c00000,0x0000002055d00000) (1024K)]
  0x000001857b3fa980 JavaThread "Unconstrained build operations Thread 52"        [_thread_blocked, id=22412, stack(0x0000002055d00000,0x0000002055e00000) (1024K)]
  0x000001857b3fd770 JavaThread "Unconstrained build operations Thread 53"        [_thread_blocked, id=18844, stack(0x0000002055e00000,0x0000002055f00000) (1024K)]
  0x000001857b3feb20 JavaThread "Unconstrained build operations Thread 54"        [_thread_blocked, id=10996, stack(0x0000002055f00000,0x0000002056000000) (1024K)]
  0x000001857b3fe490 JavaThread "Unconstrained build operations Thread 55"        [_thread_blocked, id=37724, stack(0x0000002056000000,0x0000002056100000) (1024K)]
  0x000001857b3ff1b0 JavaThread "Unconstrained build operations Thread 56"        [_thread_blocked, id=13908, stack(0x0000002056100000,0x0000002056200000) (1024K)]
  0x000001857b3ff840 JavaThread "Unconstrained build operations Thread 57"        [_thread_blocked, id=34700, stack(0x0000002056200000,0x0000002056300000) (1024K)]
  0x000001857b3fc3c0 JavaThread "Unconstrained build operations Thread 58"        [_thread_blocked, id=25688, stack(0x0000002056300000,0x0000002056400000) (1024K)]
  0x000001857b401280 JavaThread "Unconstrained build operations Thread 59"        [_thread_blocked, id=31856, stack(0x0000002056400000,0x0000002056500000) (1024K)]
  0x000001857b3ffed0 JavaThread "Unconstrained build operations Thread 60"        [_thread_blocked, id=37896, stack(0x0000002056500000,0x0000002056600000) (1024K)]
  0x000001857b400560 JavaThread "Unconstrained build operations Thread 61"        [_thread_blocked, id=42136, stack(0x0000002056600000,0x0000002056700000) (1024K)]
  0x000001857b400bf0 JavaThread "Unconstrained build operations Thread 62"        [_thread_blocked, id=43304, stack(0x0000002056700000,0x0000002056800000) (1024K)]
  0x000001857b401910 JavaThread "Unconstrained build operations Thread 63"        [_thread_blocked, id=25440, stack(0x0000002056800000,0x0000002056900000) (1024K)]
  0x000001857b401fa0 JavaThread "Unconstrained build operations Thread 64"        [_thread_blocked, id=19744, stack(0x0000002056900000,0x0000002056a00000) (1024K)]
  0x0000018578a784d0 JavaThread "Unconstrained build operations Thread 65"        [_thread_blocked, id=40368, stack(0x0000002056a00000,0x0000002056b00000) (1024K)]
  0x0000018578a75d70 JavaThread "Unconstrained build operations Thread 66"        [_thread_blocked, id=36672, stack(0x0000002056b00000,0x0000002056c00000) (1024K)]
  0x0000018578a76a90 JavaThread "Unconstrained build operations Thread 67"        [_thread_blocked, id=33864, stack(0x0000002056c00000,0x0000002056d00000) (1024K)]
  0x0000018578a77120 JavaThread "Unconstrained build operations Thread 68"        [_thread_blocked, id=37516, stack(0x0000002056d00000,0x0000002056e00000) (1024K)]
  0x0000018578a777b0 JavaThread "Unconstrained build operations Thread 69"        [_thread_blocked, id=10976, stack(0x0000002056e00000,0x0000002056f00000) (1024K)]
  0x0000018578a77e40 JavaThread "Unconstrained build operations Thread 70"        [_thread_blocked, id=15412, stack(0x0000002053500000,0x0000002053600000) (1024K)]
  0x0000018578a79880 JavaThread "Unconstrained build operations Thread 71"        [_thread_blocked, id=43160, stack(0x0000002056f00000,0x0000002057000000) (1024K)]
  0x0000018578a76400 JavaThread "Unconstrained build operations Thread 72"        [_thread_blocked, id=12048, stack(0x0000002057000000,0x0000002057100000) (1024K)]
  0x0000018578a79f10 JavaThread "Unconstrained build operations Thread 73"        [_thread_blocked, id=24744, stack(0x0000002057100000,0x0000002057200000) (1024K)]
  0x0000018578a791f0 JavaThread "Unconstrained build operations Thread 74"        [_thread_blocked, id=14364, stack(0x0000002057200000,0x0000002057300000) (1024K)]
  0x0000018578a7a5a0 JavaThread "Unconstrained build operations Thread 75"        [_thread_blocked, id=30256, stack(0x0000002057300000,0x0000002057400000) (1024K)]
  0x0000018578a7bfe0 JavaThread "Unconstrained build operations Thread 76"        [_thread_blocked, id=36140, stack(0x0000002057400000,0x0000002057500000) (1024K)]
  0x0000018578a7c670 JavaThread "Unconstrained build operations Thread 77"        [_thread_blocked, id=41620, stack(0x0000002057500000,0x0000002057600000) (1024K)]
  0x0000018578a7cd00 JavaThread "Unconstrained build operations Thread 78"        [_thread_blocked, id=31808, stack(0x0000002057600000,0x0000002057700000) (1024K)]
  0x0000018578a7b950 JavaThread "Unconstrained build operations Thread 79"        [_thread_blocked, id=32988, stack(0x0000002057700000,0x0000002057800000) (1024K)]
  0x0000018578a7d390 JavaThread "Unconstrained build operations Thread 80"        [_thread_blocked, id=892, stack(0x0000002057800000,0x0000002057900000) (1024K)]
  0x0000018578a7ac30 JavaThread "Unconstrained build operations Thread 81"        [_thread_blocked, id=28876, stack(0x0000002057900000,0x0000002057a00000) (1024K)]
  0x000001857a15e2e0 JavaThread "Unconstrained build operations Thread 82"        [_thread_blocked, id=40656, stack(0x0000002057b00000,0x0000002057c00000) (1024K)]
  0x000001857a15dc50 JavaThread "Unconstrained build operations Thread 83"        [_thread_blocked, id=24628, stack(0x0000002057c00000,0x0000002057d00000) (1024K)]
  0x000001857a164550 JavaThread "Unconstrained build operations Thread 84"        [_thread_blocked, id=11240, stack(0x0000002057d00000,0x0000002057e00000) (1024K)]
  0x000001857a164be0 JavaThread "Unconstrained build operations Thread 85"        [_thread_blocked, id=15184, stack(0x0000002057e00000,0x0000002057f00000) (1024K)]
  0x000001857a163ec0 JavaThread "Unconstrained build operations Thread 86"        [_thread_blocked, id=36852, stack(0x0000002057f00000,0x0000002058000000) (1024K)]
  0x000001857a163830 JavaThread "Unconstrained build operations Thread 87"        [_thread_blocked, id=8736, stack(0x0000002058000000,0x0000002058100000) (1024K)]
  0x000001857a161df0 JavaThread "Unconstrained build operations Thread 88"        [_thread_blocked, id=27708, stack(0x0000002058100000,0x0000002058200000) (1024K)]
  0x000001857a1631a0 JavaThread "Unconstrained build operations Thread 89"        [_thread_blocked, id=16252, stack(0x0000002058200000,0x0000002058300000) (1024K)]
  0x000001857a161760 JavaThread "Unconstrained build operations Thread 90"        [_thread_blocked, id=33020, stack(0x0000002058300000,0x0000002058400000) (1024K)]
  0x000001857a162480 JavaThread "Unconstrained build operations Thread 91"        [_thread_blocked, id=15852, stack(0x0000002058400000,0x0000002058500000) (1024K)]
  0x000001857a162b10 JavaThread "Unconstrained build operations Thread 92"        [_thread_blocked, id=25524, stack(0x0000002058500000,0x0000002058600000) (1024K)]
  0x000001857b6fa510 JavaThread "Unconstrained build operations Thread 93"        [_thread_blocked, id=5288, stack(0x0000002058600000,0x0000002058700000) (1024K)]
  0x00000185788c7d80 JavaThread "Unconstrained build operations Thread 94"        [_thread_blocked, id=35920, stack(0x0000002058700000,0x0000002058800000) (1024K)]
  0x00000185788ca4e0 JavaThread "Unconstrained build operations Thread 95"        [_thread_blocked, id=44628, stack(0x0000002058800000,0x0000002058900000) (1024K)]
  0x00000185788c8410 JavaThread "Unconstrained build operations Thread 96"        [_thread_blocked, id=3772, stack(0x0000002058900000,0x0000002058a00000) (1024K)]
  0x00000185788cb200 JavaThread "Unconstrained build operations Thread 97"        [_thread_blocked, id=15672, stack(0x0000002058a00000,0x0000002058b00000) (1024K)]
  0x00000185788c9130 JavaThread "Unconstrained build operations Thread 98"        [_thread_blocked, id=14856, stack(0x0000002058b00000,0x0000002058c00000) (1024K)]
  0x00000185788cb890 JavaThread "Unconstrained build operations Thread 99"        [_thread_blocked, id=24892, stack(0x0000002058c00000,0x0000002058d00000) (1024K)]
  0x00000185788cab70 JavaThread "Unconstrained build operations Thread 100"        [_thread_blocked, id=1120, stack(0x0000002058d00000,0x0000002058e00000) (1024K)]
  0x00000185788cbf20 JavaThread "Unconstrained build operations Thread 101"        [_thread_blocked, id=38948, stack(0x0000002058e00000,0x0000002058f00000) (1024K)]
  0x00000185788c8aa0 JavaThread "Unconstrained build operations Thread 102"        [_thread_blocked, id=28612, stack(0x0000002058f00000,0x0000002059000000) (1024K)]
  0x00000185788cc5b0 JavaThread "Unconstrained build operations Thread 103"        [_thread_blocked, id=27920, stack(0x0000002059000000,0x0000002059100000) (1024K)]
  0x00000185788ccc40 JavaThread "Unconstrained build operations Thread 104"        [_thread_blocked, id=10808, stack(0x0000002059100000,0x0000002059200000) (1024K)]
  0x00000185788c97c0 JavaThread "Unconstrained build operations Thread 105"        [_thread_blocked, id=1700, stack(0x0000002059200000,0x0000002059300000) (1024K)]
  0x00000185788cd2d0 JavaThread "Unconstrained build operations Thread 106"        [_thread_blocked, id=26260, stack(0x0000002059300000,0x0000002059400000) (1024K)]
  0x00000185788c9e50 JavaThread "Unconstrained build operations Thread 107"        [_thread_blocked, id=26068, stack(0x0000002059400000,0x0000002059500000) (1024K)]
  0x00000185788cf3a0 JavaThread "Unconstrained build operations Thread 108"        [_thread_blocked, id=14596, stack(0x0000002059500000,0x0000002059600000) (1024K)]
  0x00000185788cfa30 JavaThread "Unconstrained build operations Thread 109"        [_thread_blocked, id=38392, stack(0x0000002059600000,0x0000002059700000) (1024K)]
  0x00000185788d0750 JavaThread "Unconstrained build operations Thread 110"        [_thread_blocked, id=33296, stack(0x0000002059700000,0x0000002059800000) (1024K)]
  0x00000185788cdff0 JavaThread "Unconstrained build operations Thread 111"        [_thread_blocked, id=39216, stack(0x0000002059800000,0x0000002059900000) (1024K)]
  0x00000185788d00c0 JavaThread "Unconstrained build operations Thread 112"        [_thread_blocked, id=32976, stack(0x0000002059900000,0x0000002059a00000) (1024K)]
  0x00000185788d0de0 JavaThread "Unconstrained build operations Thread 113"        [_thread_blocked, id=40904, stack(0x0000002059a00000,0x0000002059b00000) (1024K)]
  0x00000185788cd960 JavaThread "Unconstrained build operations Thread 114"        [_thread_blocked, id=9332, stack(0x0000002059b00000,0x0000002059c00000) (1024K)]
  0x00000185788ced10 JavaThread "jar transforms Thread 2"           [_thread_blocked, id=39868, stack(0x0000002059c00000,0x0000002059d00000) (1024K)]
  0x00000185788d1470 JavaThread "Exec process"                      [_thread_blocked, id=39304, stack(0x0000002059d00000,0x0000002059e00000) (1024K)]
  0x00000185788ce680 JavaThread "Exec process Thread 2"             [_thread_blocked, id=2192, stack(0x0000002059e00000,0x0000002059f00000) (1024K)]
  0x00000185788d4f80 JavaThread "Exec process Thread 3"             [_thread_blocked, id=17528, stack(0x0000002059f00000,0x000000205a000000) (1024K)]
  0x000001857b217db0 JavaThread "jar transforms Thread 3"           [_thread_blocked, id=21184, stack(0x000000204d600000,0x000000204d700000) (1024K)]
  0x000001857b218ad0 JavaThread "Unconstrained build operations Thread 115"        [_thread_blocked, id=31444, stack(0x0000002054100000,0x0000002054200000) (1024K)]
  0x000001857b216a00 JavaThread "Unconstrained build operations Thread 116"        [_thread_blocked, id=25588, stack(0x0000002054200000,0x0000002054300000) (1024K)]
  0x000001857b216370 JavaThread "Unconstrained build operations Thread 117"        [_thread_blocked, id=41232, stack(0x0000002054300000,0x0000002054400000) (1024K)]
  0x000001857b218440 JavaThread "included builds Thread 2"          [_thread_blocked, id=8120, stack(0x000000204d500000,0x000000204d600000) (1024K)]
  0x000001857b217720 JavaThread "Unconstrained build operations Thread 118"        [_thread_blocked, id=30964, stack(0x0000002057a00000,0x0000002057b00000) (1024K)]
  0x000001857b2197f0 JavaThread "Unconstrained build operations Thread 119"        [_thread_blocked, id=11932, stack(0x000000205a000000,0x000000205a100000) (1024K)]
  0x000001857b21a510 JavaThread "Unconstrained build operations Thread 120"        [_thread_blocked, id=33320, stack(0x000000205a100000,0x000000205a200000) (1024K)]
  0x00000185791a8da0 JavaThread "C2 CompilerThread1"         daemon [_thread_blocked, id=10860, stack(0x0000002054400000,0x0000002054500000) (1024K)]
Total: 185

Other Threads:
=>0x000001857127c760 VMThread "VM Thread"                           [id=24872, stack(0x000000204df00000,0x000000204e000000) (1024K)]
  0x0000018571264980 WatcherThread "VM Periodic Task Thread"        [id=40984, stack(0x000000204de00000,0x000000204df00000) (1024K)]
  0x00000185544f7830 WorkerThread "GC Thread#0"                     [id=34224, stack(0x000000204d900000,0x000000204da00000) (1024K)]
  0x00000185717176d0 WorkerThread "GC Thread#1"                     [id=29720, stack(0x000000204eb00000,0x000000204ec00000) (1024K)]
  0x0000018571717a70 WorkerThread "GC Thread#2"                     [id=12120, stack(0x000000204ec00000,0x000000204ed00000) (1024K)]
  0x00000185717fe670 WorkerThread "GC Thread#3"                     [id=30288, stack(0x000000204ed00000,0x000000204ee00000) (1024K)]
  0x0000018576395d80 WorkerThread "GC Thread#4"                     [id=43476, stack(0x000000204ee00000,0x000000204ef00000) (1024K)]
  0x0000018571751870 WorkerThread "GC Thread#5"                     [id=28324, stack(0x000000204f000000,0x000000204f100000) (1024K)]
  0x0000018571934260 WorkerThread "GC Thread#6"                     [id=43528, stack(0x000000204f100000,0x000000204f200000) (1024K)]
  0x0000018571934600 WorkerThread "GC Thread#7"                     [id=43004, stack(0x000000204f200000,0x000000204f300000) (1024K)]
  0x00000185719349a0 WorkerThread "GC Thread#8"                     [id=39836, stack(0x000000204f300000,0x000000204f400000) (1024K)]
  0x000001857185dd90 WorkerThread "GC Thread#9"                     [id=25100, stack(0x000000204f400000,0x000000204f500000) (1024K)]
  0x000001855450a5a0 ConcurrentGCThread "G1 Main Marker"            [id=35784, stack(0x000000204da00000,0x000000204db00000) (1024K)]
  0x000001855450b740 WorkerThread "G1 Conc#0"                       [id=19868, stack(0x000000204db00000,0x000000204dc00000) (1024K)]
  0x000001857185e130 WorkerThread "G1 Conc#1"                       [id=25840, stack(0x0000002050100000,0x0000002050200000) (1024K)]
  0x000001857185e4d0 WorkerThread "G1 Conc#2"                       [id=38248, stack(0x0000002050200000,0x0000002050300000) (1024K)]
  0x000001855455e490 ConcurrentGCThread "G1 Refine#0"               [id=41716, stack(0x000000204dc00000,0x000000204dd00000) (1024K)]
  0x0000018571138120 ConcurrentGCThread "G1 Service"                [id=25824, stack(0x000000204dd00000,0x000000204de00000) (1024K)]
Total: 18

Threads with active compile tasks:
C2 CompilerThread0   103304 13554       4       org.gradle.internal.snapshot.SearchUtil::binarySearch (160 bytes)
C2 CompilerThread1   103305 13249       4       org.gradle.internal.classpath.types.ExternalPluginsInstrumentationTypeRegistry::getSuperTypes (70 bytes)
Total: 2

VM state: at safepoint (normal execution)

VM Mutex/Monitor currently owned by a thread:  ([mutex/lock_event])
[0x00007ffe4a7ba5f8] Threads_lock - owner thread: 0x000001857127c760
[0x00007ffe4a7ba6f8] Heap_lock - owner thread: 0x000001857b401280

Heap address: 0x0000000080000000, size: 2048 MB, Compressed Oops mode: 32-bit

CDS archive(s) mapped at: [0x0000018500000000-0x0000018500c90000-0x0000018500c90000), size 13172736, SharedBaseAddress: 0x0000018500000000, ArchiveRelocationMode: 1.
Compressed class space mapped at: 0x0000018501000000-0x000001851b000000, reserved size: 436207616
Narrow klass base: 0x0000018500000000, Narrow klass shift: 0, Narrow klass range: 0x100000000

GC Precious Log:
 CardTable entry size: 512
 Card Set container configuration: InlinePtr #cards 5 size 8 Array Of Cards #cards 12 size 40 Howl #buckets 4 coarsen threshold 1843 Howl Bitmap #cards 512 size 80 coarsen threshold 460 Card regions per heap region 1 cards per card region 2048
 CPUs: 12 total, 12 available
 Memory: 7549M
 Large Page Support: Disabled
 NUMA Support: Disabled
 Compressed Oops: Enabled (32-bit)
 Heap Region Size: 1M
 Heap Min Capacity: 8M
 Heap Initial Capacity: 118M
 Heap Max Capacity: 2G
 Pre-touch: Disabled
 Parallel Workers: 10
 Concurrent Workers: 3
 Concurrent Refinement Workers: 10
 Periodic GC: Disabled

Heap:
 garbage-first heap   total 225280K, used 143026K [0x0000000080000000, 0x0000000100000000)
  region size 1024K, 6 young (6144K), 6 survivors (6144K)
 Metaspace       used 94403K, committed 96768K, reserved 557056K
  class space    used 13165K, committed 14336K, reserved 425984K

Heap Regions: E=young(eden), S=young(survivor), O=old, HS=humongous(starts), HC=humongous(continues), CS=collection set, F=free, TAMS=top-at-mark-start, PB=parsable bottom
|   0|0x0000000080000000, 0x0000000080100000, 0x0000000080100000|100%|HS|  |TAMS 0x0000000080100000| PB 0x0000000080000000| Complete 
|   1|0x0000000080100000, 0x0000000080200000, 0x0000000080200000|100%|HC|  |TAMS 0x0000000080200000| PB 0x0000000080100000| Complete 
|   2|0x0000000080200000, 0x0000000080300000, 0x0000000080300000|100%|HC|  |TAMS 0x0000000080300000| PB 0x0000000080200000| Complete 
|   3|0x0000000080300000, 0x0000000080400000, 0x0000000080400000|100%| O|  |TAMS 0x0000000080400000| PB 0x0000000080300000| Untracked 
|   4|0x0000000080400000, 0x0000000080500000, 0x0000000080500000|100%| O|  |TAMS 0x0000000080500000| PB 0x0000000080400000| Untracked 
|   5|0x0000000080500000, 0x0000000080600000, 0x0000000080600000|100%| O|  |TAMS 0x0000000080600000| PB 0x0000000080500000| Untracked 
|   6|0x0000000080600000, 0x0000000080700000, 0x0000000080700000|100%|HS|  |TAMS 0x0000000080700000| PB 0x0000000080600000| Complete 
|   7|0x0000000080700000, 0x0000000080800000, 0x0000000080800000|100%| O|  |TAMS 0x0000000080800000| PB 0x0000000080700000| Untracked 
|   8|0x0000000080800000, 0x0000000080900000, 0x0000000080900000|100%| O|  |TAMS 0x0000000080900000| PB 0x0000000080800000| Untracked 
|   9|0x0000000080900000, 0x0000000080a00000, 0x0000000080a00000|100%| O|  |TAMS 0x0000000080a00000| PB 0x0000000080900000| Untracked 
|  10|0x0000000080a00000, 0x0000000080b00000, 0x0000000080b00000|100%| O|  |TAMS 0x0000000080b00000| PB 0x0000000080a00000| Untracked 
|  11|0x0000000080b00000, 0x0000000080c00000, 0x0000000080c00000|100%| O|  |TAMS 0x0000000080c00000| PB 0x0000000080b00000| Untracked 
|  12|0x0000000080c00000, 0x0000000080d00000, 0x0000000080d00000|100%| O|  |TAMS 0x0000000080d00000| PB 0x0000000080c00000| Untracked 
|  13|0x0000000080d00000, 0x0000000080e00000, 0x0000000080e00000|100%| O|  |TAMS 0x0000000080e00000| PB 0x0000000080d00000| Untracked 
|  14|0x0000000080e00000, 0x0000000080f00000, 0x0000000080f00000|100%| O|  |TAMS 0x0000000080f00000| PB 0x0000000080e00000| Untracked 
|  15|0x0000000080f00000, 0x0000000081000000, 0x0000000081000000|100%| O|  |TAMS 0x0000000081000000| PB 0x0000000080f00000| Untracked 
|  16|0x0000000081000000, 0x0000000081100000, 0x0000000081100000|100%| O|  |TAMS 0x0000000081100000| PB 0x0000000081000000| Untracked 
|  17|0x0000000081100000, 0x0000000081200000, 0x0000000081200000|100%| O|  |TAMS 0x0000000081200000| PB 0x0000000081100000| Untracked 
|  18|0x0000000081200000, 0x0000000081300000, 0x0000000081300000|100%| O|  |TAMS 0x0000000081300000| PB 0x0000000081200000| Untracked 
|  19|0x0000000081300000, 0x0000000081400000, 0x0000000081400000|100%| O|  |TAMS 0x0000000081400000| PB 0x0000000081300000| Untracked 
|  20|0x0000000081400000, 0x0000000081500000, 0x0000000081500000|100%| O|  |TAMS 0x0000000081500000| PB 0x0000000081400000| Untracked 
|  21|0x0000000081500000, 0x0000000081600000, 0x0000000081600000|100%| O|  |TAMS 0x0000000081600000| PB 0x0000000081500000| Untracked 
|  22|0x0000000081600000, 0x0000000081700000, 0x0000000081700000|100%| O|  |TAMS 0x0000000081700000| PB 0x0000000081600000| Untracked 
|  23|0x0000000081700000, 0x0000000081800000, 0x0000000081800000|100%| O|  |TAMS 0x0000000081800000| PB 0x0000000081700000| Untracked 
|  24|0x0000000081800000, 0x0000000081900000, 0x0000000081900000|100%| O|  |TAMS 0x0000000081900000| PB 0x0000000081800000| Untracked 
|  25|0x0000000081900000, 0x0000000081a00000, 0x0000000081a00000|100%| O|  |TAMS 0x0000000081a00000| PB 0x0000000081900000| Untracked 
|  26|0x0000000081a00000, 0x0000000081b00000, 0x0000000081b00000|100%| O|  |TAMS 0x0000000081b00000| PB 0x0000000081a00000| Untracked 
|  27|0x0000000081b00000, 0x0000000081c00000, 0x0000000081c00000|100%| O|  |TAMS 0x0000000081c00000| PB 0x0000000081b00000| Untracked 
|  28|0x0000000081c00000, 0x0000000081d00000, 0x0000000081d00000|100%| O|  |TAMS 0x0000000081d00000| PB 0x0000000081c00000| Untracked 
|  29|0x0000000081d00000, 0x0000000081e00000, 0x0000000081e00000|100%| O|  |TAMS 0x0000000081e00000| PB 0x0000000081d00000| Untracked 
|  30|0x0000000081e00000, 0x0000000081f00000, 0x0000000081f00000|100%| O|  |TAMS 0x0000000081f00000| PB 0x0000000081e00000| Untracked 
|  31|0x0000000081f00000, 0x0000000082000000, 0x0000000082000000|100%| O|  |TAMS 0x0000000082000000| PB 0x0000000081f00000| Untracked 
|  32|0x0000000082000000, 0x0000000082100000, 0x0000000082100000|100%| O|  |TAMS 0x0000000082100000| PB 0x0000000082000000| Untracked 
|  33|0x0000000082100000, 0x0000000082200000, 0x0000000082200000|100%| O|  |TAMS 0x0000000082200000| PB 0x0000000082100000| Untracked 
|  34|0x0000000082200000, 0x0000000082300000, 0x0000000082300000|100%| O|  |TAMS 0x0000000082300000| PB 0x0000000082200000| Untracked 
|  35|0x0000000082300000, 0x0000000082400000, 0x0000000082400000|100%| O|  |TAMS 0x0000000082400000| PB 0x0000000082300000| Untracked 
|  36|0x0000000082400000, 0x0000000082500000, 0x0000000082500000|100%| O|  |TAMS 0x0000000082500000| PB 0x0000000082400000| Untracked 
|  37|0x0000000082500000, 0x0000000082600000, 0x0000000082600000|100%| O|  |TAMS 0x0000000082600000| PB 0x0000000082500000| Untracked 
|  38|0x0000000082600000, 0x0000000082700000, 0x0000000082700000|100%|HS|  |TAMS 0x0000000082700000| PB 0x0000000082600000| Complete 
|  39|0x0000000082700000, 0x0000000082800000, 0x0000000082800000|100%|HC|  |TAMS 0x0000000082800000| PB 0x0000000082700000| Complete 
|  40|0x0000000082800000, 0x0000000082900000, 0x0000000082900000|100%|HC|  |TAMS 0x0000000082900000| PB 0x0000000082800000| Complete 
|  41|0x0000000082900000, 0x0000000082a00000, 0x0000000082a00000|100%| O|  |TAMS 0x0000000082a00000| PB 0x0000000082900000| Untracked 
|  42|0x0000000082a00000, 0x0000000082b00000, 0x0000000082b00000|100%| O|  |TAMS 0x0000000082b00000| PB 0x0000000082a00000| Untracked 
|  43|0x0000000082b00000, 0x0000000082c00000, 0x0000000082c00000|100%| O|  |TAMS 0x0000000082c00000| PB 0x0000000082b00000| Untracked 
|  44|0x0000000082c00000, 0x0000000082d00000, 0x0000000082d00000|100%| O|  |TAMS 0x0000000082d00000| PB 0x0000000082c00000| Untracked 
|  45|0x0000000082d00000, 0x0000000082e00000, 0x0000000082e00000|100%| O|  |TAMS 0x0000000082e00000| PB 0x0000000082d00000| Untracked 
|  46|0x0000000082e00000, 0x0000000082f00000, 0x0000000082f00000|100%| O|  |TAMS 0x0000000082f00000| PB 0x0000000082e00000| Untracked 
|  47|0x0000000082f00000, 0x0000000083000000, 0x0000000083000000|100%| O|  |TAMS 0x0000000082f00000| PB 0x0000000082f00000| Untracked 
|  48|0x0000000083000000, 0x0000000083100000, 0x0000000083100000|100%| O|  |TAMS 0x0000000083000000| PB 0x0000000083000000| Untracked 
|  49|0x0000000083100000, 0x0000000083200000, 0x0000000083200000|100%| O|  |TAMS 0x0000000083200000| PB 0x0000000083100000| Untracked 
|  50|0x0000000083200000, 0x0000000083300000, 0x0000000083300000|100%| O|  |TAMS 0x0000000083300000| PB 0x0000000083200000| Untracked 
|  51|0x0000000083300000, 0x0000000083400000, 0x0000000083400000|100%| O|  |TAMS 0x0000000083400000| PB 0x0000000083300000| Untracked 
|  52|0x0000000083400000, 0x0000000083500000, 0x0000000083500000|100%| O|  |TAMS 0x0000000083500000| PB 0x0000000083400000| Untracked 
|  53|0x0000000083500000, 0x0000000083600000, 0x0000000083600000|100%| O|  |TAMS 0x0000000083600000| PB 0x0000000083500000| Untracked 
|  54|0x0000000083600000, 0x0000000083700000, 0x0000000083700000|100%| O|  |TAMS 0x0000000083700000| PB 0x0000000083600000| Untracked 
|  55|0x0000000083700000, 0x0000000083800000, 0x0000000083800000|100%|HS|  |TAMS 0x0000000083800000| PB 0x0000000083700000| Complete 
|  56|0x0000000083800000, 0x0000000083900000, 0x0000000083900000|100%|HC|  |TAMS 0x0000000083900000| PB 0x0000000083800000| Complete 
|  57|0x0000000083900000, 0x0000000083a00000, 0x0000000083a00000|100%|HC|  |TAMS 0x0000000083a00000| PB 0x0000000083900000| Complete 
|  58|0x0000000083a00000, 0x0000000083b00000, 0x0000000083b00000|100%| O|  |TAMS 0x0000000083b00000| PB 0x0000000083a00000| Untracked 
|  59|0x0000000083b00000, 0x0000000083c00000, 0x0000000083c00000|100%| O|  |TAMS 0x0000000083c00000| PB 0x0000000083b00000| Untracked 
|  60|0x0000000083c00000, 0x0000000083d00000, 0x0000000083d00000|100%| O|  |TAMS 0x0000000083d00000| PB 0x0000000083c00000| Untracked 
|  61|0x0000000083d00000, 0x0000000083e00000, 0x0000000083e00000|100%| O|  |TAMS 0x0000000083e00000| PB 0x0000000083d00000| Untracked 
|  62|0x0000000083e00000, 0x0000000083f00000, 0x0000000083f00000|100%| O|  |TAMS 0x0000000083f00000| PB 0x0000000083e00000| Untracked 
|  63|0x0000000083f00000, 0x0000000084000000, 0x0000000084000000|100%| O|  |TAMS 0x0000000084000000| PB 0x0000000083f00000| Untracked 
|  64|0x0000000084000000, 0x0000000084100000, 0x0000000084100000|100%| O|  |TAMS 0x0000000084100000| PB 0x0000000084000000| Untracked 
|  65|0x0000000084100000, 0x0000000084200000, 0x0000000084200000|100%| O|  |TAMS 0x0000000084200000| PB 0x0000000084100000| Untracked 
|  66|0x0000000084200000, 0x0000000084300000, 0x0000000084300000|100%| O|  |TAMS 0x0000000084300000| PB 0x0000000084200000| Untracked 
|  67|0x0000000084300000, 0x0000000084400000, 0x0000000084400000|100%| O|  |TAMS 0x0000000084400000| PB 0x0000000084300000| Untracked 
|  68|0x0000000084400000, 0x0000000084500000, 0x0000000084500000|100%| O|  |TAMS 0x0000000084500000| PB 0x0000000084400000| Untracked 
|  69|0x0000000084500000, 0x0000000084600000, 0x0000000084600000|100%| O|  |TAMS 0x0000000084600000| PB 0x0000000084500000| Untracked 
|  70|0x0000000084600000, 0x0000000084700000, 0x0000000084700000|100%| O|  |TAMS 0x0000000084700000| PB 0x0000000084600000| Untracked 
|  71|0x0000000084700000, 0x0000000084800000, 0x0000000084800000|100%| O|  |TAMS 0x0000000084800000| PB 0x0000000084700000| Untracked 
|  72|0x0000000084800000, 0x0000000084900000, 0x0000000084900000|100%| O|  |TAMS 0x0000000084800000| PB 0x0000000084800000| Untracked 
|  73|0x0000000084900000, 0x0000000084a00000, 0x0000000084a00000|100%| O|  |TAMS 0x0000000084a00000| PB 0x0000000084900000| Untracked 
|  74|0x0000000084a00000, 0x0000000084b00000, 0x0000000084b00000|100%| O|  |TAMS 0x0000000084b00000| PB 0x0000000084a00000| Untracked 
|  75|0x0000000084b00000, 0x0000000084c00000, 0x0000000084c00000|100%| O|  |TAMS 0x0000000084c00000| PB 0x0000000084b00000| Untracked 
|  76|0x0000000084c00000, 0x0000000084d00000, 0x0000000084d00000|100%| O|  |TAMS 0x0000000084d00000| PB 0x0000000084c00000| Untracked 
|  77|0x0000000084d00000, 0x0000000084e00000, 0x0000000084e00000|100%| O|  |TAMS 0x0000000084e00000| PB 0x0000000084d00000| Untracked 
|  78|0x0000000084e00000, 0x0000000084f00000, 0x0000000084f00000|100%| O|  |TAMS 0x0000000084f00000| PB 0x0000000084e00000| Untracked 
|  79|0x0000000084f00000, 0x0000000085000000, 0x0000000085000000|100%| O|  |TAMS 0x0000000085000000| PB 0x0000000084f00000| Untracked 
|  80|0x0000000085000000, 0x0000000085100000, 0x0000000085100000|100%| O|  |TAMS 0x0000000085100000| PB 0x0000000085000000| Untracked 
|  81|0x0000000085100000, 0x0000000085200000, 0x0000000085200000|100%| O|  |TAMS 0x0000000085200000| PB 0x0000000085100000| Untracked 
|  82|0x0000000085200000, 0x0000000085300000, 0x0000000085300000|100%| O|  |TAMS 0x0000000085300000| PB 0x0000000085200000| Untracked 
|  83|0x0000000085300000, 0x0000000085400000, 0x0000000085400000|100%| O|  |TAMS 0x0000000085400000| PB 0x0000000085300000| Untracked 
|  84|0x0000000085400000, 0x0000000085500000, 0x0000000085500000|100%| O|  |TAMS 0x0000000085500000| PB 0x0000000085400000| Untracked 
|  85|0x0000000085500000, 0x0000000085600000, 0x0000000085600000|100%| O|  |TAMS 0x0000000085600000| PB 0x0000000085500000| Untracked 
|  86|0x0000000085600000, 0x0000000085700000, 0x0000000085700000|100%| O|  |TAMS 0x0000000085700000| PB 0x0000000085600000| Untracked 
|  87|0x0000000085700000, 0x0000000085800000, 0x0000000085800000|100%| O|  |TAMS 0x0000000085800000| PB 0x0000000085700000| Untracked 
|  88|0x0000000085800000, 0x0000000085900000, 0x0000000085900000|100%| O|  |TAMS 0x0000000085900000| PB 0x0000000085800000| Untracked 
|  89|0x0000000085900000, 0x0000000085a00000, 0x0000000085a00000|100%| O|  |TAMS 0x0000000085a00000| PB 0x0000000085900000| Untracked 
|  90|0x0000000085a00000, 0x0000000085b00000, 0x0000000085b00000|100%| O|  |TAMS 0x0000000085a00000| PB 0x0000000085a00000| Untracked 
|  91|0x0000000085b00000, 0x0000000085c00000, 0x0000000085c00000|100%| O|  |TAMS 0x0000000085c00000| PB 0x0000000085b00000| Untracked 
|  92|0x0000000085c00000, 0x0000000085d00000, 0x0000000085d00000|100%| O|  |TAMS 0x0000000085d00000| PB 0x0000000085c00000| Untracked 
|  93|0x0000000085d00000, 0x0000000085e00000, 0x0000000085e00000|100%| O|  |TAMS 0x0000000085e00000| PB 0x0000000085d00000| Untracked 
|  94|0x0000000085e00000, 0x0000000085f00000, 0x0000000085f00000|100%| O|  |TAMS 0x0000000085f00000| PB 0x0000000085e00000| Untracked 
|  95|0x0000000085f00000, 0x0000000086000000, 0x0000000086000000|100%| O|  |TAMS 0x0000000086000000| PB 0x0000000085f00000| Untracked 
|  96|0x0000000086000000, 0x0000000086100000, 0x0000000086100000|100%| O|  |TAMS 0x0000000086100000| PB 0x0000000086000000| Untracked 
|  97|0x0000000086100000, 0x0000000086200000, 0x0000000086200000|100%| O|  |TAMS 0x0000000086200000| PB 0x0000000086100000| Untracked 
|  98|0x0000000086200000, 0x0000000086300000, 0x0000000086300000|100%| O|  |TAMS 0x0000000086300000| PB 0x0000000086200000| Untracked 
|  99|0x0000000086300000, 0x0000000086400000, 0x0000000086400000|100%| O|  |TAMS 0x0000000086400000| PB 0x0000000086300000| Untracked 
| 100|0x0000000086400000, 0x0000000086500000, 0x0000000086500000|100%| O|  |TAMS 0x0000000086500000| PB 0x0000000086400000| Untracked 
| 101|0x0000000086500000, 0x0000000086600000, 0x0000000086600000|100%| O|  |TAMS 0x0000000086600000| PB 0x0000000086500000| Untracked 
| 102|0x0000000086600000, 0x0000000086700000, 0x0000000086700000|100%| O|  |TAMS 0x0000000086700000| PB 0x0000000086600000| Untracked 
| 103|0x0000000086700000, 0x0000000086800000, 0x0000000086800000|100%| O|  |TAMS 0x0000000086800000| PB 0x0000000086700000| Untracked 
| 104|0x0000000086800000, 0x0000000086900000, 0x0000000086900000|100%|HS|  |TAMS 0x0000000086900000| PB 0x0000000086800000| Complete 
| 105|0x0000000086900000, 0x0000000086a00000, 0x0000000086a00000|100%| O|  |TAMS 0x0000000086a00000| PB 0x0000000086900000| Untracked 
| 106|0x0000000086a00000, 0x0000000086b00000, 0x0000000086b00000|100%| O|  |TAMS 0x0000000086b00000| PB 0x0000000086a00000| Untracked 
| 107|0x0000000086b00000, 0x0000000086c00000, 0x0000000086c00000|100%| O|  |TAMS 0x0000000086c00000| PB 0x0000000086b00000| Untracked 
| 108|0x0000000086c00000, 0x0000000086d00000, 0x0000000086d00000|100%| O|  |TAMS 0x0000000086d00000| PB 0x0000000086c00000| Untracked 
| 109|0x0000000086d00000, 0x0000000086e00000, 0x0000000086e00000|100%| O|  |TAMS 0x0000000086e00000| PB 0x0000000086d00000| Untracked 
| 110|0x0000000086e00000, 0x0000000086f00000, 0x0000000086f00000|100%| O|  |TAMS 0x0000000086f00000| PB 0x0000000086e00000| Untracked 
| 111|0x0000000086f00000, 0x0000000087000000, 0x0000000087000000|100%| O|  |TAMS 0x0000000087000000| PB 0x0000000086f00000| Untracked 
| 112|0x0000000087000000, 0x0000000087100000, 0x0000000087100000|100%| O|  |TAMS 0x0000000087100000| PB 0x0000000087000000| Untracked 
| 113|0x0000000087100000, 0x0000000087200000, 0x0000000087200000|100%| O|  |TAMS 0x0000000087200000| PB 0x0000000087100000| Untracked 
| 114|0x0000000087200000, 0x0000000087300000, 0x0000000087300000|100%| O|  |TAMS 0x0000000087300000| PB 0x0000000087200000| Untracked 
| 115|0x0000000087300000, 0x0000000087400000, 0x0000000087400000|100%| O|  |TAMS 0x0000000087400000| PB 0x0000000087300000| Untracked 
| 116|0x0000000087400000, 0x0000000087500000, 0x0000000087500000|100%| O|  |TAMS 0x0000000087500000| PB 0x0000000087400000| Untracked 
| 117|0x0000000087500000, 0x0000000087600000, 0x0000000087600000|100%| O|  |TAMS 0x0000000087600000| PB 0x0000000087500000| Untracked 
| 118|0x0000000087600000, 0x0000000087700000, 0x0000000087700000|100%| O|  |TAMS 0x0000000087700000| PB 0x0000000087600000| Untracked 
| 119|0x0000000087700000, 0x0000000087800000, 0x0000000087800000|100%| O|  |TAMS 0x0000000087800000| PB 0x0000000087700000| Untracked 
| 120|0x0000000087800000, 0x0000000087900000, 0x0000000087900000|100%| O|  |TAMS 0x0000000087900000| PB 0x0000000087800000| Untracked 
| 121|0x0000000087900000, 0x0000000087a00000, 0x0000000087a00000|100%| O|  |TAMS 0x0000000087a00000| PB 0x0000000087900000| Untracked 
| 122|0x0000000087a00000, 0x0000000087b00000, 0x0000000087b00000|100%| O|  |TAMS 0x0000000087b00000| PB 0x0000000087a00000| Untracked 
| 123|0x0000000087b00000, 0x0000000087c00000, 0x0000000087c00000|100%| O|  |TAMS 0x0000000087c00000| PB 0x0000000087b00000| Untracked 
| 124|0x0000000087c00000, 0x0000000087d00000, 0x0000000087d00000|100%| O|  |TAMS 0x0000000087d00000| PB 0x0000000087c00000| Untracked 
| 125|0x0000000087d00000, 0x0000000087e00000, 0x0000000087e00000|100%| O|  |TAMS 0x0000000087e00000| PB 0x0000000087d00000| Untracked 
| 126|0x0000000087e00000, 0x0000000087f00000, 0x0000000087f00000|100%| O|  |TAMS 0x0000000087f00000| PB 0x0000000087e00000| Untracked 
| 127|0x0000000087f00000, 0x0000000088000000, 0x0000000088000000|100%| O|  |TAMS 0x0000000088000000| PB 0x0000000087f00000| Untracked 
| 128|0x0000000088000000, 0x0000000088100000, 0x0000000088100000|100%| O|  |TAMS 0x00000000880bcbe0| PB 0x0000000088000000| Untracked 
| 129|0x0000000088100000, 0x0000000088200000, 0x0000000088200000|100%| O|  |TAMS 0x0000000088100000| PB 0x0000000088100000| Untracked 
| 130|0x0000000088200000, 0x0000000088300000, 0x0000000088300000|100%| O|  |TAMS 0x0000000088200000| PB 0x0000000088200000| Untracked 
| 131|0x0000000088300000, 0x0000000088400000, 0x0000000088400000|100%| O|  |TAMS 0x0000000088300000| PB 0x0000000088300000| Untracked 
| 132|0x0000000088400000, 0x0000000088455bb0, 0x0000000088500000| 33%| O|  |TAMS 0x0000000088400000| PB 0x0000000088400000| Untracked 
| 133|0x0000000088500000, 0x0000000088500000, 0x0000000088600000|  0%| F|  |TAMS 0x0000000088500000| PB 0x0000000088500000| Untracked 
| 134|0x0000000088600000, 0x0000000088600000, 0x0000000088700000|  0%| F|  |TAMS 0x0000000088600000| PB 0x0000000088600000| Untracked 
| 135|0x0000000088700000, 0x0000000088700000, 0x0000000088800000|  0%| F|  |TAMS 0x0000000088700000| PB 0x0000000088700000| Untracked 
| 136|0x0000000088800000, 0x0000000088800000, 0x0000000088900000|  0%| F|  |TAMS 0x0000000088800000| PB 0x0000000088800000| Untracked 
| 137|0x0000000088900000, 0x0000000088900000, 0x0000000088a00000|  0%| F|  |TAMS 0x0000000088900000| PB 0x0000000088900000| Untracked 
| 138|0x0000000088a00000, 0x0000000088a00000, 0x0000000088b00000|  0%| F|  |TAMS 0x0000000088a00000| PB 0x0000000088a00000| Untracked 
| 139|0x0000000088b00000, 0x0000000088b00000, 0x0000000088c00000|  0%| F|  |TAMS 0x0000000088b00000| PB 0x0000000088b00000| Untracked 
| 140|0x0000000088c00000, 0x0000000088c00000, 0x0000000088d00000|  0%| F|  |TAMS 0x0000000088c00000| PB 0x0000000088c00000| Untracked 
| 141|0x0000000088d00000, 0x0000000088d00000, 0x0000000088e00000|  0%| F|  |TAMS 0x0000000088d00000| PB 0x0000000088d00000| Untracked 
| 142|0x0000000088e00000, 0x0000000088e00000, 0x0000000088f00000|  0%| F|  |TAMS 0x0000000088e00000| PB 0x0000000088e00000| Untracked 
| 143|0x0000000088f00000, 0x0000000088f00000, 0x0000000089000000|  0%| F|  |TAMS 0x0000000088f00000| PB 0x0000000088f00000| Untracked 
| 144|0x0000000089000000, 0x0000000089000000, 0x0000000089100000|  0%| F|  |TAMS 0x0000000089000000| PB 0x0000000089000000| Untracked 
| 145|0x0000000089100000, 0x0000000089100000, 0x0000000089200000|  0%| F|  |TAMS 0x0000000089100000| PB 0x0000000089100000| Untracked 
| 146|0x0000000089200000, 0x0000000089200000, 0x0000000089300000|  0%| F|  |TAMS 0x0000000089200000| PB 0x0000000089200000| Untracked 
| 147|0x0000000089300000, 0x0000000089300000, 0x0000000089400000|  0%| F|  |TAMS 0x0000000089300000| PB 0x0000000089300000| Untracked 
| 148|0x0000000089400000, 0x0000000089400000, 0x0000000089500000|  0%| F|  |TAMS 0x0000000089400000| PB 0x0000000089400000| Untracked 
| 149|0x0000000089500000, 0x0000000089500000, 0x0000000089600000|  0%| F|  |TAMS 0x0000000089500000| PB 0x0000000089500000| Untracked 
| 150|0x0000000089600000, 0x0000000089600000, 0x0000000089700000|  0%| F|  |TAMS 0x0000000089600000| PB 0x0000000089600000| Untracked 
| 151|0x0000000089700000, 0x0000000089700000, 0x0000000089800000|  0%| F|  |TAMS 0x0000000089700000| PB 0x0000000089700000| Untracked 
| 152|0x0000000089800000, 0x0000000089800000, 0x0000000089900000|  0%| F|  |TAMS 0x0000000089800000| PB 0x0000000089800000| Untracked 
| 153|0x0000000089900000, 0x0000000089900000, 0x0000000089a00000|  0%| F|  |TAMS 0x0000000089900000| PB 0x0000000089900000| Untracked 
| 154|0x0000000089a00000, 0x0000000089a00000, 0x0000000089b00000|  0%| F|  |TAMS 0x0000000089a00000| PB 0x0000000089a00000| Untracked 
| 155|0x0000000089b00000, 0x0000000089b00000, 0x0000000089c00000|  0%| F|  |TAMS 0x0000000089b00000| PB 0x0000000089b00000| Untracked 
| 156|0x0000000089c00000, 0x0000000089c00000, 0x0000000089d00000|  0%| F|  |TAMS 0x0000000089c00000| PB 0x0000000089c00000| Untracked 
| 157|0x0000000089d00000, 0x0000000089d00000, 0x0000000089e00000|  0%| F|  |TAMS 0x0000000089d00000| PB 0x0000000089d00000| Untracked 
| 158|0x0000000089e00000, 0x0000000089e00000, 0x0000000089f00000|  0%| F|  |TAMS 0x0000000089e00000| PB 0x0000000089e00000| Untracked 
| 159|0x0000000089f00000, 0x0000000089f00000, 0x000000008a000000|  0%| F|  |TAMS 0x0000000089f00000| PB 0x0000000089f00000| Untracked 
| 160|0x000000008a000000, 0x000000008a000000, 0x000000008a100000|  0%| F|  |TAMS 0x000000008a000000| PB 0x000000008a000000| Untracked 
| 161|0x000000008a100000, 0x000000008a100000, 0x000000008a200000|  0%| F|  |TAMS 0x000000008a100000| PB 0x000000008a100000| Untracked 
| 162|0x000000008a200000, 0x000000008a200000, 0x000000008a300000|  0%| F|  |TAMS 0x000000008a200000| PB 0x000000008a200000| Untracked 
| 163|0x000000008a300000, 0x000000008a300000, 0x000000008a400000|  0%| F|  |TAMS 0x000000008a300000| PB 0x000000008a300000| Untracked 
| 164|0x000000008a400000, 0x000000008a400000, 0x000000008a500000|  0%| F|  |TAMS 0x000000008a400000| PB 0x000000008a400000| Untracked 
| 165|0x000000008a500000, 0x000000008a556d60, 0x000000008a600000| 33%| S|CS|TAMS 0x000000008a500000| PB 0x000000008a500000| Complete 
| 166|0x000000008a600000, 0x000000008a700000, 0x000000008a700000|100%| S|CS|TAMS 0x000000008a600000| PB 0x000000008a600000| Complete 
| 167|0x000000008a700000, 0x000000008a800000, 0x000000008a800000|100%| S|CS|TAMS 0x000000008a700000| PB 0x000000008a700000| Complete 
| 168|0x000000008a800000, 0x000000008a900000, 0x000000008a900000|100%| S|CS|TAMS 0x000000008a800000| PB 0x000000008a800000| Complete 
| 169|0x000000008a900000, 0x000000008aa00000, 0x000000008aa00000|100%| S|CS|TAMS 0x000000008a900000| PB 0x000000008a900000| Complete 
| 170|0x000000008aa00000, 0x000000008ab00000, 0x000000008ab00000|100%| S|CS|TAMS 0x000000008aa00000| PB 0x000000008aa00000| Complete 
| 171|0x000000008ab00000, 0x000000008ab00000, 0x000000008ac00000|  0%| F|  |TAMS 0x000000008ab00000| PB 0x000000008ab00000| Untracked 
| 172|0x000000008ac00000, 0x000000008ac00000, 0x000000008ad00000|  0%| F|  |TAMS 0x000000008ac00000| PB 0x000000008ac00000| Untracked 
| 173|0x000000008ad00000, 0x000000008ad00000, 0x000000008ae00000|  0%| F|  |TAMS 0x000000008ad00000| PB 0x000000008ad00000| Untracked 
| 174|0x000000008ae00000, 0x000000008ae00000, 0x000000008af00000|  0%| F|  |TAMS 0x000000008ae00000| PB 0x000000008ae00000| Untracked 
| 175|0x000000008af00000, 0x000000008af00000, 0x000000008b000000|  0%| F|  |TAMS 0x000000008af00000| PB 0x000000008af00000| Untracked 
| 176|0x000000008b000000, 0x000000008b000000, 0x000000008b100000|  0%| F|  |TAMS 0x000000008b000000| PB 0x000000008b000000| Untracked 
| 177|0x000000008b100000, 0x000000008b100000, 0x000000008b200000|  0%| F|  |TAMS 0x000000008b100000| PB 0x000000008b100000| Untracked 
| 178|0x000000008b200000, 0x000000008b200000, 0x000000008b300000|  0%| F|  |TAMS 0x000000008b200000| PB 0x000000008b200000| Untracked 
| 179|0x000000008b300000, 0x000000008b300000, 0x000000008b400000|  0%| F|  |TAMS 0x000000008b300000| PB 0x000000008b300000| Untracked 
| 180|0x000000008b400000, 0x000000008b400000, 0x000000008b500000|  0%| F|  |TAMS 0x000000008b400000| PB 0x000000008b400000| Untracked 
| 181|0x000000008b500000, 0x000000008b500000, 0x000000008b600000|  0%| F|  |TAMS 0x000000008b500000| PB 0x000000008b500000| Untracked 
| 182|0x000000008b600000, 0x000000008b600000, 0x000000008b700000|  0%| F|  |TAMS 0x000000008b600000| PB 0x000000008b600000| Untracked 
| 183|0x000000008b700000, 0x000000008b700000, 0x000000008b800000|  0%| F|  |TAMS 0x000000008b700000| PB 0x000000008b700000| Untracked 
| 184|0x000000008b800000, 0x000000008b800000, 0x000000008b900000|  0%| F|  |TAMS 0x000000008b800000| PB 0x000000008b800000| Untracked 
| 185|0x000000008b900000, 0x000000008b900000, 0x000000008ba00000|  0%| F|  |TAMS 0x000000008b900000| PB 0x000000008b900000| Untracked 
| 186|0x000000008ba00000, 0x000000008ba00000, 0x000000008bb00000|  0%| F|  |TAMS 0x000000008ba00000| PB 0x000000008ba00000| Untracked 
| 187|0x000000008bb00000, 0x000000008bb00000, 0x000000008bc00000|  0%| F|  |TAMS 0x000000008bb00000| PB 0x000000008bb00000| Untracked 
| 188|0x000000008bc00000, 0x000000008bc00000, 0x000000008bd00000|  0%| F|  |TAMS 0x000000008bc00000| PB 0x000000008bc00000| Untracked 
| 189|0x000000008bd00000, 0x000000008bd00000, 0x000000008be00000|  0%| F|  |TAMS 0x000000008bd00000| PB 0x000000008bd00000| Untracked 
| 190|0x000000008be00000, 0x000000008be00000, 0x000000008bf00000|  0%| F|  |TAMS 0x000000008be00000| PB 0x000000008be00000| Untracked 
| 191|0x000000008bf00000, 0x000000008bf00000, 0x000000008c000000|  0%| F|  |TAMS 0x000000008bf00000| PB 0x000000008bf00000| Untracked 
| 192|0x000000008c000000, 0x000000008c000000, 0x000000008c100000|  0%| F|  |TAMS 0x000000008c000000| PB 0x000000008c000000| Untracked 
| 193|0x000000008c100000, 0x000000008c100000, 0x000000008c200000|  0%| F|  |TAMS 0x000000008c100000| PB 0x000000008c100000| Untracked 
| 194|0x000000008c200000, 0x000000008c200000, 0x000000008c300000|  0%| F|  |TAMS 0x000000008c200000| PB 0x000000008c200000| Untracked 
| 195|0x000000008c300000, 0x000000008c300000, 0x000000008c400000|  0%| F|  |TAMS 0x000000008c300000| PB 0x000000008c300000| Untracked 
| 196|0x000000008c400000, 0x000000008c400000, 0x000000008c500000|  0%| F|  |TAMS 0x000000008c400000| PB 0x000000008c400000| Untracked 
| 197|0x000000008c500000, 0x000000008c500000, 0x000000008c600000|  0%| F|  |TAMS 0x000000008c500000| PB 0x000000008c500000| Untracked 
| 198|0x000000008c600000, 0x000000008c600000, 0x000000008c700000|  0%| F|  |TAMS 0x000000008c600000| PB 0x000000008c600000| Untracked 
| 199|0x000000008c700000, 0x000000008c700000, 0x000000008c800000|  0%| F|  |TAMS 0x000000008c700000| PB 0x000000008c700000| Untracked 
| 200|0x000000008c800000, 0x000000008c800000, 0x000000008c900000|  0%| F|  |TAMS 0x000000008c800000| PB 0x000000008c800000| Untracked 
| 201|0x000000008c900000, 0x000000008c900000, 0x000000008ca00000|  0%| F|  |TAMS 0x000000008c900000| PB 0x000000008c900000| Untracked 
| 202|0x000000008ca00000, 0x000000008ca00000, 0x000000008cb00000|  0%| F|  |TAMS 0x000000008ca00000| PB 0x000000008ca00000| Untracked 
| 203|0x000000008cb00000, 0x000000008cb00000, 0x000000008cc00000|  0%| F|  |TAMS 0x000000008cb00000| PB 0x000000008cb00000| Untracked 
| 204|0x000000008cc00000, 0x000000008cc00000, 0x000000008cd00000|  0%| F|  |TAMS 0x000000008cc00000| PB 0x000000008cc00000| Untracked 
| 205|0x000000008cd00000, 0x000000008cd00000, 0x000000008ce00000|  0%| F|  |TAMS 0x000000008cd00000| PB 0x000000008cd00000| Untracked 
| 206|0x000000008ce00000, 0x000000008ce00000, 0x000000008cf00000|  0%| F|  |TAMS 0x000000008ce00000| PB 0x000000008ce00000| Untracked 
| 207|0x000000008cf00000, 0x000000008cf00000, 0x000000008d000000|  0%| F|  |TAMS 0x000000008cf00000| PB 0x000000008cf00000| Untracked 
| 208|0x000000008d000000, 0x000000008d000000, 0x000000008d100000|  0%| F|  |TAMS 0x000000008d000000| PB 0x000000008d000000| Untracked 
| 209|0x000000008d100000, 0x000000008d100000, 0x000000008d200000|  0%| F|  |TAMS 0x000000008d100000| PB 0x000000008d100000| Untracked 
| 210|0x000000008d200000, 0x000000008d200000, 0x000000008d300000|  0%| F|  |TAMS 0x000000008d200000| PB 0x000000008d200000| Untracked 
| 211|0x000000008d300000, 0x000000008d300000, 0x000000008d400000|  0%| F|  |TAMS 0x000000008d300000| PB 0x000000008d300000| Untracked 
| 212|0x000000008d400000, 0x000000008d400000, 0x000000008d500000|  0%| F|  |TAMS 0x000000008d400000| PB 0x000000008d400000| Untracked 
| 213|0x000000008d500000, 0x000000008d500000, 0x000000008d600000|  0%| F|  |TAMS 0x000000008d500000| PB 0x000000008d500000| Untracked 
| 214|0x000000008d600000, 0x000000008d600000, 0x000000008d700000|  0%| F|  |TAMS 0x000000008d600000| PB 0x000000008d600000| Untracked 
|2043|0x00000000ffb00000, 0x00000000ffc00000, 0x00000000ffc00000|100%| O|  |TAMS 0x00000000ffc00000| PB 0x00000000ffb00000| Untracked 
|2044|0x00000000ffc00000, 0x00000000ffc00000, 0x00000000ffd00000|  0%| F|  |TAMS 0x00000000ffc00000| PB 0x00000000ffc00000| Untracked 
|2045|0x00000000ffd00000, 0x00000000ffe00000, 0x00000000ffe00000|100%| O|  |TAMS 0x00000000ffe00000| PB 0x00000000ffd00000| Untracked 
|2046|0x00000000ffe00000, 0x00000000ffe00000, 0x00000000fff00000|  0%| F|  |TAMS 0x00000000ffe00000| PB 0x00000000ffe00000| Untracked 
|2047|0x00000000fff00000, 0x00000000fff00000, 0x0000000100000000|  0%| F|  |TAMS 0x00000000fff00000| PB 0x00000000fff00000| Untracked 

Card table byte_map: [0x000001856c240000,0x000001856c640000] _byte_map_base: 0x000001856be40000

Marking Bits: (CMBitMap*) 0x00000185544f7e30
 Bits: [0x000001856c640000, 0x000001856e640000)

Polling page: 0x00000185523d0000

Metaspace:

Usage:
  Non-class:     79.33 MB used.
      Class:     12.86 MB used.
       Both:     92.19 MB used.

Virtual space:
  Non-class space:      128.00 MB reserved,      80.50 MB ( 63%) committed,  2 nodes.
      Class space:      416.00 MB reserved,      14.00 MB (  3%) committed,  1 nodes.
             Both:      544.00 MB reserved,      94.50 MB ( 17%) committed. 

Chunk freelists:
   Non-Class:  15.48 MB
       Class:  2.05 MB
        Both:  17.53 MB

MaxMetaspaceSize: 512.00 MB
CompressedClassSpaceSize: 416.00 MB
Initial GC threshold: 21.00 MB
Current GC threshold: 156.19 MB
CDS: on
 - commit_granule_bytes: 65536.
 - commit_granule_words: 8192.
 - virtual_space_node_default_size: 8388608.
 - enlarge_chunks_in_place: 1.
 - use_allocation_guard: 0.


Internal statistics:

num_allocs_failed_limit: 6.
num_arena_births: 3934.
num_arena_deaths: 2.
num_vsnodes_births: 3.
num_vsnodes_deaths: 0.
num_space_committed: 1512.
num_space_uncommitted: 0.
num_chunks_returned_to_freelist: 11.
num_chunks_taken_from_freelist: 8263.
num_chunk_merges: 6.
num_chunk_splits: 5306.
num_chunks_enlarged: 3223.
num_inconsistent_stats: 0.

CodeHeap 'non-profiled nmethods': size=120000Kb used=5985Kb max_used=6323Kb free=114014Kb
 bounds [0x00000185643c0000, 0x0000018564a20000, 0x000001856b8f0000]
CodeHeap 'profiled nmethods': size=120000Kb used=20451Kb max_used=22193Kb free=99548Kb
 bounds [0x000001855c8f0000, 0x000001855dec0000, 0x0000018563e20000]
CodeHeap 'non-nmethods': size=5760Kb used=2932Kb max_used=2978Kb free=2827Kb
 bounds [0x0000018563e20000, 0x0000018564110000, 0x00000185643c0000]
 total_blobs=11720 nmethods=10705 adapters=918
 compilation: enabled
              stopped_count=0, restarted_count=0
 full_count=0

Compilation events (20 events):
Event: 103.146 Thread 0x00000185712d3900 13563       1       org.gradle.internal.execution.history.impl.DefaultExecutionOutputState::getOutputFilesProducedByWork (5 bytes)
Event: 103.147 Thread 0x00000185712d3900 nmethod 13563 0x0000018564406690 code [0x0000018564406820, 0x00000185644068e8]
Event: 103.147 Thread 0x00000185712d3900 13564       1       org.gradle.caching.internal.origin.OriginMetadata::getExecutionTime (5 bytes)
Event: 103.147 Thread 0x00000185712d3900 nmethod 13564 0x0000018564511890 code [0x0000018564511a20, 0x0000018564511ae8]
Event: 103.149 Thread 0x00000185712d3900 13565       1       org.gradle.internal.Deferrable$2::completeAndGet (5 bytes)
Event: 103.150 Thread 0x00000185712d3900 nmethod 13565 0x0000018564613190 code [0x0000018564613320, 0x00000185646133e8]
Event: 103.151 Thread 0x00000185712d3900 13566       2       java.util.UUID::<init> (109 bytes)
Event: 103.151 Thread 0x00000185712d3900 nmethod 13566 0x000001855db2f690 code [0x000001855db2f840, 0x000001855db2faa8]
Event: 103.152 Thread 0x00000185712d3900 13567       2       com.google.common.collect.ImmutableSortedMap::forEach (49 bytes)
Event: 103.153 Thread 0x00000185712d3900 nmethod 13567 0x000001855db56990 code [0x000001855db56ba0, 0x000001855db56f80]
Event: 103.155 Thread 0x00000185712d3900 13568       2       org.gradle.internal.operations.BuildOperationDescriptor$Builder::name (7 bytes)
Event: 103.156 Thread 0x00000185712d3900 nmethod 13568 0x000001855cef2990 code [0x000001855cef2b20, 0x000001855cef2c78]
Event: 103.159 Thread 0x00000185712d3900 13569       1       org.gradle.api.internal.artifacts.transform.DefaultTransformOutputs::access$300 (5 bytes)
Event: 103.159 Thread 0x00000185712d3900 nmethod 13569 0x000001856461d610 code [0x000001856461d7a0, 0x000001856461d850]
Event: 103.160 Thread 0x00000185712d3900 13570       1       org.gradle.api.internal.artifacts.transform.DefaultTransformOutputs::access$400 (5 bytes)
Event: 103.160 Thread 0x00000185712d3900 nmethod 13570 0x00000185644b7b90 code [0x00000185644b7d20, 0x00000185644b7dd0]
Event: 103.160 Thread 0x00000185712d3900 13571       2       org.gradle.api.internal.artifacts.transform.TransformExecutionResult$$Lambda/0x0000018501ddc698::accept (12 bytes)
Event: 103.160 Thread 0x00000185712d3900 nmethod 13571 0x000001855cf2b190 code [0x000001855cf2b340, 0x000001855cf2b4d8]
Event: 103.160 Thread 0x00000185712d3900 13572       2       org.gradle.api.internal.artifacts.transform.TransformExecutionResult::lambda$visitOutputs$0 (8 bytes)
Event: 103.161 Thread 0x00000185712d3900 nmethod 13572 0x000001855cf32090 code [0x000001855cf32240, 0x000001855cf32360]

GC Heap History (20 events):
Event: 95.149 GC heap after
{Heap after GC invocations=31 (full 0):
 garbage-first heap   total 121856K, used 76516K [0x0000000080000000, 0x0000000100000000)
  region size 1024K, 5 young (5120K), 5 survivors (5120K)
 Metaspace       used 78669K, committed 80960K, reserved 557056K
  class space    used 11282K, committed 12416K, reserved 425984K
}
Event: 95.803 GC heap before
{Heap before GC invocations=31 (full 0):
 garbage-first heap   total 121856K, used 108260K [0x0000000080000000, 0x0000000100000000)
  region size 1024K, 37 young (37888K), 5 survivors (5120K)
 Metaspace       used 81114K, committed 83328K, reserved 557056K
  class space    used 11684K, committed 12800K, reserved 425984K
}
Event: 95.810 GC heap after
{Heap after GC invocations=32 (full 0):
 garbage-first heap   total 121856K, used 78301K [0x0000000080000000, 0x0000000100000000)
  region size 1024K, 2 young (2048K), 2 survivors (2048K)
 Metaspace       used 81114K, committed 83328K, reserved 557056K
  class space    used 11684K, committed 12800K, reserved 425984K
}
Event: 96.851 GC heap before
{Heap before GC invocations=33 (full 0):
 garbage-first heap   total 140288K, used 111069K [0x0000000080000000, 0x0000000100000000)
  region size 1024K, 34 young (34816K), 2 survivors (2048K)
 Metaspace       used 83978K, committed 86208K, reserved 557056K
  class space    used 12023K, committed 13120K, reserved 425984K
}
Event: 96.858 GC heap after
{Heap after GC invocations=34 (full 0):
 garbage-first heap   total 140288K, used 80809K [0x0000000080000000, 0x0000000100000000)
  region size 1024K, 5 young (5120K), 5 survivors (5120K)
 Metaspace       used 83978K, committed 86208K, reserved 557056K
  class space    used 12023K, committed 13120K, reserved 425984K
}
Event: 100.228 GC heap before
{Heap before GC invocations=34 (full 0):
 garbage-first heap   total 140288K, used 124841K [0x0000000080000000, 0x0000000100000000)
  region size 1024K, 49 young (50176K), 5 survivors (5120K)
 Metaspace       used 93107K, committed 95360K, reserved 557056K
  class space    used 13039K, committed 14144K, reserved 425984K
}
Event: 100.241 GC heap after
{Heap after GC invocations=35 (full 0):
 garbage-first heap   total 140288K, used 84251K [0x0000000080000000, 0x0000000100000000)
  region size 1024K, 7 young (7168K), 7 survivors (7168K)
 Metaspace       used 93107K, committed 95360K, reserved 557056K
  class space    used 13039K, committed 14144K, reserved 425984K
}
Event: 101.215 GC heap before
{Heap before GC invocations=35 (full 0):
 garbage-first heap   total 140288K, used 123163K [0x0000000080000000, 0x0000000100000000)
  region size 1024K, 46 young (47104K), 7 survivors (7168K)
 Metaspace       used 93590K, committed 95808K, reserved 557056K
  class space    used 13080K, committed 14144K, reserved 425984K
}
Event: 101.225 GC heap after
{Heap after GC invocations=36 (full 0):
 garbage-first heap   total 140288K, used 89164K [0x0000000080000000, 0x0000000100000000)
  region size 1024K, 5 young (5120K), 5 survivors (5120K)
 Metaspace       used 93590K, committed 95808K, reserved 557056K
  class space    used 13080K, committed 14144K, reserved 425984K
}
Event: 101.504 GC heap before
{Heap before GC invocations=37 (full 0):
 garbage-first heap   total 158720K, used 123980K [0x0000000080000000, 0x0000000100000000)
  region size 1024K, 40 young (40960K), 5 survivors (5120K)
 Metaspace       used 93638K, committed 95936K, reserved 557056K
  class space    used 13084K, committed 14208K, reserved 425984K
}
Event: 101.517 GC heap after
{Heap after GC invocations=38 (full 0):
 garbage-first heap   total 158720K, used 99678K [0x0000000080000000, 0x0000000100000000)
  region size 1024K, 5 young (5120K), 5 survivors (5120K)
 Metaspace       used 93638K, committed 95936K, reserved 557056K
  class space    used 13084K, committed 14208K, reserved 425984K
}
Event: 101.861 GC heap before
{Heap before GC invocations=38 (full 0):
 garbage-first heap   total 158720K, used 138590K [0x0000000080000000, 0x0000000100000000)
  region size 1024K, 44 young (45056K), 5 survivors (5120K)
 Metaspace       used 93638K, committed 95936K, reserved 557056K
  class space    used 13084K, committed 14208K, reserved 425984K
}
Event: 101.883 GC heap after
{Heap after GC invocations=39 (full 0):
 garbage-first heap   total 160768K, used 111059K [0x0000000080000000, 0x0000000100000000)
  region size 1024K, 6 young (6144K), 6 survivors (6144K)
 Metaspace       used 93638K, committed 95936K, reserved 557056K
  class space    used 13084K, committed 14208K, reserved 425984K
}
Event: 102.015 GC heap before
{Heap before GC invocations=39 (full 0):
 garbage-first heap   total 160768K, used 124371K [0x0000000080000000, 0x0000000100000000)
  region size 1024K, 20 young (20480K), 6 survivors (6144K)
 Metaspace       used 93639K, committed 95936K, reserved 557056K
  class space    used 13084K, committed 14208K, reserved 425984K
}
Event: 102.034 GC heap after
{Heap after GC invocations=40 (full 0):
 garbage-first heap   total 160768K, used 116278K [0x0000000080000000, 0x0000000100000000)
  region size 1024K, 4 young (4096K), 4 survivors (4096K)
 Metaspace       used 93639K, committed 95936K, reserved 557056K
  class space    used 13084K, committed 14208K, reserved 425984K
}
Event: 102.283 GC heap before
{Heap before GC invocations=41 (full 0):
 garbage-first heap   total 225280K, used 142902K [0x0000000080000000, 0x0000000100000000)
  region size 1024K, 30 young (30720K), 4 survivors (4096K)
 Metaspace       used 93655K, committed 95936K, reserved 557056K
  class space    used 13084K, committed 14208K, reserved 425984K
}
Event: 102.302 GC heap after
{Heap after GC invocations=42 (full 0):
 garbage-first heap   total 225280K, used 129024K [0x0000000080000000, 0x0000000100000000)
  region size 1024K, 4 young (4096K), 4 survivors (4096K)
 Metaspace       used 93655K, committed 95936K, reserved 557056K
  class space    used 13084K, committed 14208K, reserved 425984K
}
Event: 102.627 GC heap before
{Heap before GC invocations=42 (full 0):
 garbage-first heap   total 225280K, used 178176K [0x0000000080000000, 0x0000000100000000)
  region size 1024K, 53 young (54272K), 4 survivors (4096K)
 Metaspace       used 93790K, committed 96064K, reserved 557056K
  class space    used 13095K, committed 14208K, reserved 425984K
}
Event: 102.650 GC heap after
{Heap after GC invocations=43 (full 0):
 garbage-first heap   total 225280K, used 136946K [0x0000000080000000, 0x0000000100000000)
  region size 1024K, 7 young (7168K), 7 survivors (7168K)
 Metaspace       used 93790K, committed 96064K, reserved 557056K
  class space    used 13095K, committed 14208K, reserved 425984K
}
Event: 103.162 GC heap before
{Heap before GC invocations=43 (full 0):
 garbage-first heap   total 225280K, used 184050K [0x0000000080000000, 0x0000000100000000)
  region size 1024K, 54 young (55296K), 7 survivors (7168K)
 Metaspace       used 94403K, committed 96768K, reserved 557056K
  class space    used 13165K, committed 14336K, reserved 425984K
}

Dll operation events (15 events):
Event: 0.027 Loaded shared library C:\Program Files\Java\jdk-21\bin\java.dll
Event: 0.095 Loaded shared library C:\Program Files\Java\jdk-21\bin\jsvml.dll
Event: 0.196 Loaded shared library C:\Program Files\Java\jdk-21\bin\zip.dll
Event: 0.209 Loaded shared library C:\Program Files\Java\jdk-21\bin\instrument.dll
Event: 0.219 Loaded shared library C:\Program Files\Java\jdk-21\bin\net.dll
Event: 0.224 Loaded shared library C:\Program Files\Java\jdk-21\bin\nio.dll
Event: 0.232 Loaded shared library C:\Program Files\Java\jdk-21\bin\zip.dll
Event: 1.031 Loaded shared library C:\Program Files\Java\jdk-21\bin\jimage.dll
Event: 1.659 Loaded shared library C:\Program Files\Java\jdk-21\bin\verify.dll
Event: 1.876 Loaded shared library C:\Users\shanm\.gradle\native\1def1411415f61bf3af743bc5b6707747c0891f09f0c88961ee8f79bc544acac\windows-amd64\native-platform.dll
Event: 1.921 Loaded shared library C:\Users\shanm\.gradle\native\0.2.7\x86_64-windows-gnu\gradle-fileevents.dll
Event: 5.305 Loaded shared library C:\Program Files\Java\jdk-21\bin\management.dll
Event: 5.311 Loaded shared library C:\Program Files\Java\jdk-21\bin\management_ext.dll
Event: 5.678 Loaded shared library C:\Program Files\Java\jdk-21\bin\extnet.dll
Event: 6.247 Loaded shared library C:\Program Files\Java\jdk-21\bin\sunmscapi.dll

Deoptimization events (20 events):
Event: 102.886 Thread 0x000001857b3fd0e0 DEOPT PACKING pc=0x000001856474a86c sp=0x00000020557fa360
Event: 102.886 Thread 0x000001857b3fd0e0 DEOPT UNPACKING pc=0x0000018563e746a2 sp=0x00000020557fa330 mode 2
Event: 102.887 Thread 0x000001857b3fd0e0 Uncommon trap: trap_request=0xffffff45 fr.pc=0x0000018564665000 relative=0x0000000000000260
Event: 102.887 Thread 0x000001857b3fd0e0 Uncommon trap: reason=unstable_if action=reinterpret pc=0x0000018564665000 method=org.objectweb.asm.Label.resolve([BLorg/objectweb/asm/ByteVector;I)Z @ 81 c2
Event: 102.888 Thread 0x000001857b3fd0e0 DEOPT PACKING pc=0x0000018564665000 sp=0x00000020557fa440
Event: 102.888 Thread 0x000001857b3fd0e0 DEOPT UNPACKING pc=0x0000018563e746a2 sp=0x00000020557fa3b0 mode 2
Event: 102.970 Thread 0x000001857b3fd0e0 DEOPT PACKING pc=0x000001855da999cc sp=0x00000020557faa00
Event: 102.970 Thread 0x000001857b3fd0e0 DEOPT UNPACKING pc=0x0000018563e74e42 sp=0x00000020557f9fd0 mode 0
Event: 103.023 Thread 0x000001857b3fd0e0 Uncommon trap: trap_request=0xffffff45 fr.pc=0x0000018564547210 relative=0x00000000000003d0
Event: 103.023 Thread 0x000001857b3fd0e0 Uncommon trap: reason=unstable_if action=reinterpret pc=0x0000018564547210 method=java.util.concurrent.ConcurrentLinkedQueue.offer(Ljava/lang/Object;)Z @ 96 c2
Event: 103.023 Thread 0x000001857b3fd0e0 DEOPT PACKING pc=0x0000018564547210 sp=0x00000020557fac90
Event: 103.023 Thread 0x000001857b3fd0e0 DEOPT UNPACKING pc=0x0000018563e746a2 sp=0x00000020557fac28 mode 2
Event: 103.040 Thread 0x000001857b3fb010 Uncommon trap: trap_request=0xffffff45 fr.pc=0x00000185649a8ec8 relative=0x0000000000000be8
Event: 103.040 Thread 0x000001857b3fb010 Uncommon trap: reason=unstable_if action=reinterpret pc=0x00000185649a8ec8 method=java.util.concurrent.ConcurrentLinkedQueue.updateHead(Ljava/util/concurrent/ConcurrentLinkedQueue$Node;Ljava/util/concurrent/ConcurrentLinkedQueue$Node;)V @ 14 c2
Event: 103.040 Thread 0x000001857b3fb010 DEOPT PACKING pc=0x00000185649a8ec8 sp=0x0000002055afab50
Event: 103.040 Thread 0x000001857b3fb010 DEOPT UNPACKING pc=0x0000018563e746a2 sp=0x0000002055afaa28 mode 2
Event: 103.098 Thread 0x0000018571503cf0 Uncommon trap: trap_request=0xffffff45 fr.pc=0x000001856486c3fc relative=0x000000000000061c
Event: 103.098 Thread 0x0000018571503cf0 Uncommon trap: reason=unstable_if action=reinterpret pc=0x000001856486c3fc method=java.math.BigInteger.makePositive([BII)[I @ 40 c2
Event: 103.098 Thread 0x0000018571503cf0 DEOPT PACKING pc=0x000001856486c3fc sp=0x000000204fffe4c0
Event: 103.098 Thread 0x0000018571503cf0 DEOPT UNPACKING pc=0x0000018563e746a2 sp=0x000000204fffe428 mode 2

Classes loaded (20 events):
Event: 99.376 Loading class com/sun/crypto/provider/Poly1305
Event: 99.377 Loading class com/sun/crypto/provider/Poly1305 done
Event: 99.377 Loading class sun/security/util/math/intpoly/IntegerPolynomial1305
Event: 99.377 Loading class sun/security/util/math/intpoly/IntegerPolynomial1305 done
Event: 99.442 Loading class sun/security/ssl/NewSessionTicket$T12NewSessionTicketMessage
Event: 99.443 Loading class sun/security/ssl/NewSessionTicket$T12NewSessionTicketMessage done
Event: 99.443 Loading class sun/security/ssl/SSLCipher$T12CC20P1305ReadCipherGenerator$CC20P1305ReadCipher
Event: 99.444 Loading class sun/security/ssl/SSLCipher$T12CC20P1305ReadCipherGenerator$CC20P1305ReadCipher done
Event: 99.444 Loading class com/sun/crypto/provider/ChaCha20Cipher$EngineAEADDec
Event: 99.444 Loading class com/sun/crypto/provider/ChaCha20Cipher$EngineAEADDec done
Event: 100.972 Loading class java/util/zip/ZipFile$ZipEntryIterator
Event: 100.973 Loading class java/util/zip/ZipFile$ZipEntryIterator done
Event: 100.983 Loading class java/util/zip/ZipInputStream
Event: 100.984 Loading class java/util/zip/ZipInputStream done
Event: 102.677 Loading class java/util/Collections$UnmodifiableSortedMap
Event: 102.678 Loading class java/util/Collections$UnmodifiableSortedMap done
Event: 102.686 Loading class java/util/zip/Deflater
Event: 102.688 Loading class java/util/zip/Deflater done
Event: 102.696 Loading class java/util/zip/Deflater$DeflaterZStreamRef
Event: 102.696 Loading class java/util/zip/Deflater$DeflaterZStreamRef done

Classes unloaded (5 events):
Event: 102.162 Thread 0x000001857127c760 Unloading class 0x0000018501cad3e8 '_BuildScript_$_run_closure1$_closure4'
Event: 102.162 Thread 0x000001857127c760 Unloading class 0x0000018501cad000 '_BuildScript_$_run_closure1$_closure3'
Event: 102.162 Thread 0x000001857127c760 Unloading class 0x0000018501cac920 '_BuildScript_$_run_closure1$_closure2'
Event: 102.162 Thread 0x000001857127c760 Unloading class 0x0000018501cac538 '_BuildScript_$_run_closure1'
Event: 102.162 Thread 0x000001857127c760 Unloading class 0x0000018501cac000 '_BuildScript_'

Classes redefined (0 events):
No events

Internal exceptions (20 events):
Event: 96.832 Thread 0x000001857632d810 Exception <a 'java/lang/ClassNotFoundException'{0x000000008670e960}: org/gradle/api/internal/artifacts/dsl/DefaultRepositoryHandlerCustomizer> (0x000000008670e960) 
thrown [s\open\src\hotspot\share\classfile\systemDictionary.cpp, line 312]
Event: 96.837 Thread 0x000001857632d810 Exception <a 'java/lang/ClassNotFoundException'{0x0000000086764940}: org/gradle/api/internal/artifacts/dsl/DefaultRepositoryHandler_DecoratedCustomizer> (0x0000000086764940) 
thrown [s\open\src\hotspot\share\classfile\systemDictionary.cpp, line 312]
Event: 96.860 Thread 0x000001857632d810 Exception <a 'java/lang/ClassNotFoundException'{0x00000000ffe16df0}: org/gradle/api/internal/artifacts/dsl/dependencies/DefaultDependencyHandler_DecoratedBeanInfo> (0x00000000ffe16df0) 
thrown [s\open\src\hotspot\share\classfile\systemDictionary.cpp, line 312]
Event: 96.862 Thread 0x000001857632d810 Exception <a 'java/lang/ClassNotFoundException'{0x00000000ffe2c6a0}: org/gradle/api/internal/artifacts/dsl/dependencies/DefaultDependencyHandlerBeanInfo> (0x00000000ffe2c6a0) 
thrown [s\open\src\hotspot\share\classfile\systemDictionary.cpp, line 312]
Event: 96.863 Thread 0x000001857632d810 Exception <a 'java/lang/ClassNotFoundException'{0x00000000ffe41f10}: org/gradle/api/internal/artifacts/dsl/dependencies/DefaultDependencyHandlerCustomizer> (0x00000000ffe41f10) 
thrown [s\open\src\hotspot\share\classfile\systemDictionary.cpp, line 312]
Event: 96.867 Thread 0x000001857632d810 Exception <a 'java/lang/ClassNotFoundException'{0x00000000ffe8e880}: org/gradle/api/internal/artifacts/dsl/dependencies/DefaultDependencyHandler_DecoratedCustomizer> (0x00000000ffe8e880) 
thrown [s\open\src\hotspot\share\classfile\systemDictionary.cpp, line 312]
Event: 97.047 Thread 0x000001857632d810 Exception <a 'sun/nio/fs/WindowsException'{0x000000008829b1c0}> (0x000000008829b1c0) 
thrown [s\open\src\hotspot\share\prims\jni.cpp, line 520]
Event: 98.290 Thread 0x000001857632d810 Exception <a 'java/lang/NoSuchMethodError'{0x0000000086de4a90}: 'void java.lang.invoke.DirectMethodHandle$Holder.invokeVirtual(java.lang.Object, java.lang.Object, long)'> (0x0000000086de4a90) 
thrown [s\open\src\hotspot\share\interpreter\linkResolver.cpp, line 773]
Event: 98.376 Thread 0x000001857632d810 Exception <a 'java/lang/NoSuchMethodError'{0x0000000086b46e68}: 'int java.lang.invoke.DirectMethodHandle$Holder.invokeSpecial(java.lang.Object, java.lang.Object, int)'> (0x0000000086b46e68) 
thrown [s\open\src\hotspot\share\interpreter\linkResolver.cpp, line 773]
Event: 100.443 Thread 0x000001857b030c90 Exception <a 'sun/nio/fs/WindowsException'{0x00000000881eab00}> (0x00000000881eab00) 
thrown [s\open\src\hotspot\share\prims\jni.cpp, line 520]
Event: 100.444 Thread 0x000001857b030c90 Exception <a 'sun/nio/fs/WindowsException'{0x00000000881ed600}> (0x00000000881ed600) 
thrown [s\open\src\hotspot\share\prims\jni.cpp, line 520]
Event: 100.446 Thread 0x000001857b030c90 Exception <a 'sun/nio/fs/WindowsException'{0x00000000881f9390}> (0x00000000881f9390) 
thrown [s\open\src\hotspot\share\prims\jni.cpp, line 520]
Event: 100.447 Thread 0x000001857b030c90 Exception <a 'sun/nio/fs/WindowsException'{0x00000000881fbba8}> (0x00000000881fbba8) 
thrown [s\open\src\hotspot\share\prims\jni.cpp, line 520]
Event: 100.979 Thread 0x000001857b6f7720 Implicit null exception at 0x0000018564591166 to 0x0000018564591d3c
Event: 100.979 Thread 0x000001857b6f8ad0 Implicit null exception at 0x0000018564591166 to 0x0000018564591d3c
Event: 101.150 Thread 0x000001857b5e3bc0 Implicit null exception at 0x00000185649dbdc3 to 0x00000185649dc6c0
Event: 102.605 Thread 0x000001857b3fd0e0 Implicit null exception at 0x000001856453239e to 0x0000018564532ba0
Event: 102.610 Thread 0x000001857b3fd0e0 Exception <a 'sun/nio/fs/WindowsException'{0x000000008a647db8}> (0x000000008a647db8) 
thrown [s\open\src\hotspot\share\prims\jni.cpp, line 520]
Event: 102.662 Thread 0x000001857b0354c0 Exception <a 'sun/nio/fs/WindowsException'{0x00000000fffcf0d0}> (0x00000000fffcf0d0) 
thrown [s\open\src\hotspot\share\prims\jni.cpp, line 520]
Event: 102.886 Thread 0x000001857b3fd0e0 Implicit null exception at 0x000001856474a775 to 0x000001856474a850

ZGC Phase Switch (0 events):
No events

VM Operations (20 events):
Event: 101.517 Executing VM operation: G1CollectForAllocation (G1 Evacuation Pause) done
Event: 101.861 Executing VM operation: G1CollectForAllocation (G1 Evacuation Pause)
Event: 101.883 Executing VM operation: G1CollectForAllocation (G1 Evacuation Pause) done
Event: 102.015 Executing VM operation: G1TryInitiateConcMark (G1 Humongous Allocation)
Event: 102.034 Executing VM operation: G1TryInitiateConcMark (G1 Humongous Allocation) done
Event: 102.161 Executing VM operation: G1PauseRemark
Event: 102.195 Executing VM operation: G1PauseRemark done
Event: 102.271 Executing VM operation: G1PauseCleanup
Event: 102.273 Executing VM operation: G1PauseCleanup done
Event: 102.283 Executing VM operation: G1CollectForAllocation (G1 Evacuation Pause)
Event: 102.302 Executing VM operation: G1CollectForAllocation (G1 Evacuation Pause) done
Event: 102.627 Executing VM operation: G1CollectForAllocation (G1 Evacuation Pause)
Event: 102.651 Executing VM operation: G1CollectForAllocation (G1 Evacuation Pause) done
Event: 102.681 Executing VM operation: HandshakeAllThreads (Deoptimize)
Event: 102.682 Executing VM operation: HandshakeAllThreads (Deoptimize) done
Event: 102.743 Executing VM operation: HandshakeAllThreads (Deoptimize)
Event: 102.744 Executing VM operation: HandshakeAllThreads (Deoptimize) done
Event: 102.908 Executing VM operation: HandshakeAllThreads (Deoptimize)
Event: 102.909 Executing VM operation: HandshakeAllThreads (Deoptimize) done
Event: 103.161 Executing VM operation: G1CollectForAllocation (G1 Evacuation Pause)

Events (20 events):
Event: 102.187 Thread 0x000001857127c760 flushing nmethod 0x00000185644c1d10
Event: 102.187 Thread 0x000001857127c760 flushing nmethod 0x00000185644b5610
Event: 102.187 Thread 0x000001857127c760 flushing nmethod 0x000001856444c810
Event: 102.187 Thread 0x000001857127c760 flushing nmethod 0x000001856444b710
Event: 102.187 Thread 0x000001857127c760 flushing nmethod 0x00000185644a1810
Event: 102.187 Thread 0x000001857127c760 flushing nmethod 0x0000018564434c10
Event: 102.187 Thread 0x000001857127c760 flushing nmethod 0x000001856448dc90
Event: 102.187 Thread 0x000001857127c760 flushing nmethod 0x0000018564486510
Event: 102.187 Thread 0x000001857127c760 flushing nmethod 0x0000018564465210
Event: 102.187 Thread 0x000001857127c760 flushing nmethod 0x0000018564452110
Event: 102.187 Thread 0x000001857127c760 flushing nmethod 0x0000018564434110
Event: 102.187 Thread 0x000001857127c760 flushing nmethod 0x0000018564431b10
Event: 102.187 Thread 0x000001857127c760 flushing nmethod 0x00000185643df610
Event: 102.187 Thread 0x000001857127c760 flushing nmethod 0x00000185643ca410
Event: 102.187 Thread 0x000001857127c760 flushing nmethod 0x00000185643c9710
Event: 102.187 Thread 0x000001857127c760 flushing nmethod 0x00000185643cca10
Event: 102.187 Thread 0x000001857127c760 flushing nmethod 0x00000185643db290
Event: 102.187 Thread 0x000001857127c760 flushing nmethod 0x00000185643cbb10
Event: 102.187 Thread 0x000001857127c760 flushing nmethod 0x00000185643c7890
Event: 102.187 Thread 0x000001857127c760 flushing nmethod 0x00000185643cf490


Dynamic libraries:
0x00007ff65c230000 - 0x00007ff65c240000 	C:\Program Files\Java\jdk-21\bin\java.exe
0x00007ffeea4a0000 - 0x00007ffeea707000 	C:\WINDOWS\SYSTEM32\ntdll.dll
0x00007ffee97f0000 - 0x00007ffee98b9000 	C:\WINDOWS\System32\KERNEL32.DLL
0x00007ffee7690000 - 0x00007ffee7a80000 	C:\WINDOWS\System32\KERNELBASE.dll
0x00007ffee80e0000 - 0x00007ffee822b000 	C:\WINDOWS\System32\ucrtbase.dll
0x00007ffeda970000 - 0x00007ffeda989000 	C:\Program Files\Java\jdk-21\bin\jli.dll
0x00007ffee0360000 - 0x00007ffee037b000 	C:\Program Files\Java\jdk-21\bin\VCRUNTIME140.dll
0x00007ffee9970000 - 0x00007ffee9a24000 	C:\WINDOWS\System32\ADVAPI32.dll
0x00007ffee8f10000 - 0x00007ffee8fb9000 	C:\WINDOWS\System32\msvcrt.dll
0x00007ffee9a30000 - 0x00007ffee9ad6000 	C:\WINDOWS\System32\sechost.dll
0x00007ffee89e0000 - 0x00007ffee8af8000 	C:\WINDOWS\System32\RPCRT4.dll
0x00007ffee92c0000 - 0x00007ffee9485000 	C:\WINDOWS\System32\USER32.dll
0x00007ffee75d0000 - 0x00007ffee75f7000 	C:\WINDOWS\System32\win32u.dll
0x00007ffee89b0000 - 0x00007ffee89db000 	C:\WINDOWS\System32\GDI32.dll
0x00007ffed34f0000 - 0x00007ffed378a000 	C:\WINDOWS\WinSxS\amd64_microsoft.windows.common-controls_6595b64144ccf1df_6.0.26100.4768_none_3e0c112ce331287c\COMCTL32.dll
0x00007ffee7e30000 - 0x00007ffee7f68000 	C:\WINDOWS\System32\gdi32full.dll
0x00007ffee8030000 - 0x00007ffee80d3000 	C:\WINDOWS\System32\msvcp_win.dll
0x00007ffede6b0000 - 0x00007ffede6bb000 	C:\WINDOWS\SYSTEM32\VERSION.dll
0x00007ffeea0d0000 - 0x00007ffeea0ff000 	C:\WINDOWS\System32\IMM32.DLL
0x00007ffee0e80000 - 0x00007ffee0e8c000 	C:\Program Files\Java\jdk-21\bin\vcruntime140_1.dll
0x00007ffecf890000 - 0x00007ffecf91e000 	C:\Program Files\Java\jdk-21\bin\msvcp140.dll
0x00007ffe49b80000 - 0x00007ffe4a895000 	C:\Program Files\Java\jdk-21\bin\server\jvm.dll
0x00007ffee98f0000 - 0x00007ffee9964000 	C:\WINDOWS\System32\WS2_32.dll
0x00007ffee61d0000 - 0x00007ffee622e000 	C:\WINDOWS\SYSTEM32\POWRPROF.dll
0x00007ffedcf80000 - 0x00007ffedcfb5000 	C:\WINDOWS\SYSTEM32\WINMM.dll
0x00007ffee61b0000 - 0x00007ffee61c4000 	C:\WINDOWS\SYSTEM32\UMPDC.dll
0x00007ffee6470000 - 0x00007ffee648b000 	C:\WINDOWS\SYSTEM32\kernel.appcore.dll
0x00007ffee0730000 - 0x00007ffee073a000 	C:\Program Files\Java\jdk-21\bin\jimage.dll
0x00007ffee4f70000 - 0x00007ffee51b1000 	C:\WINDOWS\SYSTEM32\DBGHELP.DLL
0x00007ffee8b80000 - 0x00007ffee8f05000 	C:\WINDOWS\System32\combase.dll
0x00007ffee9600000 - 0x00007ffee96e0000 	C:\WINDOWS\System32\OLEAUT32.dll
0x00007ffecd780000 - 0x00007ffecd7c3000 	C:\WINDOWS\SYSTEM32\dbgcore.DLL
0x00007ffee7c10000 - 0x00007ffee7ca9000 	C:\WINDOWS\System32\bcryptPrimitives.dll
0x00007ffed8740000 - 0x00007ffed874f000 	C:\Program Files\Java\jdk-21\bin\instrument.dll
0x00007ffeda950000 - 0x00007ffeda96f000 	C:\Program Files\Java\jdk-21\bin\java.dll
0x00007ffee8230000 - 0x00007ffee897d000 	C:\WINDOWS\System32\SHELL32.dll
0x00007ffee7a90000 - 0x00007ffee7c03000 	C:\WINDOWS\System32\wintypes.dll
0x00007ffee51f0000 - 0x00007ffee5a50000 	C:\WINDOWS\SYSTEM32\windows.storage.dll
0x00007ffee96f0000 - 0x00007ffee97e5000 	C:\WINDOWS\System32\SHCORE.dll
0x00007ffee9010000 - 0x00007ffee907a000 	C:\WINDOWS\System32\shlwapi.dll
0x00007ffee74f0000 - 0x00007ffee7519000 	C:\WINDOWS\SYSTEM32\profapi.dll
0x00007ffecea60000 - 0x00007ffeceb37000 	C:\Program Files\Java\jdk-21\bin\jsvml.dll
0x00007ffed8c70000 - 0x00007ffed8c88000 	C:\Program Files\Java\jdk-21\bin\zip.dll
0x00007ffedd590000 - 0x00007ffedd5a0000 	C:\Program Files\Java\jdk-21\bin\net.dll
0x00007ffedf6d0000 - 0x00007ffedf7ee000 	C:\WINDOWS\SYSTEM32\WINHTTP.dll
0x00007ffee6a00000 - 0x00007ffee6a6b000 	C:\WINDOWS\system32\mswsock.dll
0x00007ffeda930000 - 0x00007ffeda946000 	C:\Program Files\Java\jdk-21\bin\nio.dll
0x00007ffeda920000 - 0x00007ffeda930000 	C:\Program Files\Java\jdk-21\bin\verify.dll
0x00007ffed8a10000 - 0x00007ffed8a37000 	C:\Users\shanm\.gradle\native\1def1411415f61bf3af743bc5b6707747c0891f09f0c88961ee8f79bc544acac\windows-amd64\native-platform.dll
0x00007ffecfd50000 - 0x00007ffecfdc8000 	C:\Users\shanm\.gradle\native\0.2.7\x86_64-windows-gnu\gradle-fileevents.dll
0x00007ffed8a80000 - 0x00007ffed8a8a000 	C:\Program Files\Java\jdk-21\bin\management.dll
0x00007ffed8a70000 - 0x00007ffed8a7b000 	C:\Program Files\Java\jdk-21\bin\management_ext.dll
0x00007ffeea110000 - 0x00007ffeea118000 	C:\WINDOWS\System32\PSAPI.DLL
0x00007ffee5e40000 - 0x00007ffee5e73000 	C:\WINDOWS\SYSTEM32\IPHLPAPI.DLL
0x00007ffeea120000 - 0x00007ffeea12a000 	C:\WINDOWS\System32\NSI.dll
0x00007ffed86e0000 - 0x00007ffed86e7000 	C:\Program Files\Java\jdk-21\bin\extnet.dll
0x00007ffee6cc0000 - 0x00007ffee6cdb000 	C:\WINDOWS\SYSTEM32\CRYPTSP.dll
0x00007ffee63d0000 - 0x00007ffee640b000 	C:\WINDOWS\system32\rsaenh.dll
0x00007ffee6aa0000 - 0x00007ffee6acb000 	C:\WINDOWS\SYSTEM32\USERENV.dll
0x00007ffee74c0000 - 0x00007ffee74e6000 	C:\WINDOWS\SYSTEM32\bcrypt.dll
0x00007ffee6ce0000 - 0x00007ffee6cec000 	C:\WINDOWS\SYSTEM32\CRYPTBASE.dll
0x00007ffed8730000 - 0x00007ffed873e000 	C:\Program Files\Java\jdk-21\bin\sunmscapi.dll
0x00007ffee7cb0000 - 0x00007ffee7e27000 	C:\WINDOWS\System32\CRYPT32.dll
0x00007ffee6ee0000 - 0x00007ffee6f10000 	C:\WINDOWS\SYSTEM32\ncrypt.dll
0x00007ffee6e90000 - 0x00007ffee6ecf000 	C:\WINDOWS\SYSTEM32\NTASN1.dll
0x00007ffebf100000 - 0x00007ffebf108000 	C:\WINDOWS\system32\wshunix.dll
0x00007ffee5ee0000 - 0x00007ffee6006000 	C:\WINDOWS\SYSTEM32\DNSAPI.dll
0x00007ffedcf70000 - 0x00007ffedcf7b000 	C:\Windows\System32\rasadhlp.dll
0x00007ffedcec0000 - 0x00007ffedcf46000 	C:\WINDOWS\System32\fwpuclnt.dll

dbghelp: loaded successfully - version: 4.0.5 - missing functions: none
symbol engine: initialized successfully - sym options: 0x614 - pdb path: .;C:\Program Files\Java\jdk-21\bin;C:\WINDOWS\SYSTEM32;C:\WINDOWS\WinSxS\amd64_microsoft.windows.common-controls_6595b64144ccf1df_6.0.26100.4768_none_3e0c112ce331287c;C:\Program Files\Java\jdk-21\bin\server;C:\Users\shanm\.gradle\native\1def1411415f61bf3af743bc5b6707747c0891f09f0c88961ee8f79bc544acac\windows-amd64;C:\Users\shanm\.gradle\native\0.2.7\x86_64-windows-gnu

VM Arguments:
jvm_args: --add-opens=java.base/java.lang=ALL-UNNAMED --add-opens=java.base/java.lang.invoke=ALL-UNNAMED --add-opens=java.base/java.util=ALL-UNNAMED --add-opens=java.prefs/java.util.prefs=ALL-UNNAMED --add-exports=jdk.compiler/com.sun.tools.javac.api=ALL-UNNAMED --add-exports=jdk.compiler/com.sun.tools.javac.util=ALL-UNNAMED --add-opens=java.base/java.util=ALL-UNNAMED --add-opens=java.prefs/java.util.prefs=ALL-UNNAMED --add-opens=java.base/java.nio.charset=ALL-UNNAMED --add-opens=java.base/java.net=ALL-UNNAMED --add-opens=java.base/java.util.concurrent.atomic=ALL-UNNAMED --add-opens=java.xml/javax.xml.namespace=ALL-UNNAMED -XX:MaxMetaspaceSize=512m -Xmx2048m -Dfile.encoding=UTF-8 -Duser.country=IN -Duser.language=en -Duser.variant -javaagent:C:\Users\shanm\.gradle\wrapper\dists\gradle-8.14.3-bin\cv11ve7ro1n3o1j4so8xd9n66\gradle-8.14.3\lib\agents\gradle-instrumentation-agent-8.14.3.jar 
java_command: org.gradle.launcher.daemon.bootstrap.GradleDaemon 8.14.3
java_class_path (initial): C:\Users\shanm\.gradle\wrapper\dists\gradle-8.14.3-bin\cv11ve7ro1n3o1j4so8xd9n66\gradle-8.14.3\lib\gradle-daemon-main-8.14.3.jar
Launcher Type: SUN_STANDARD

[Global flags]
     intx CICompilerCount                          = 4                                         {product} {ergonomic}
   size_t CompressedClassSpaceSize                 = 436207616                                 {product} {ergonomic}
     uint ConcGCThreads                            = 3                                         {product} {ergonomic}
     uint G1ConcRefinementThreads                  = 10                                        {product} {ergonomic}
   size_t G1HeapRegionSize                         = 1048576                                   {product} {ergonomic}
    uintx GCDrainStackTargetSize                   = 64                                        {product} {ergonomic}
   size_t InitialHeapSize                          = 123731968                                 {product} {ergonomic}
   size_t MarkStackSize                            = 4194304                                   {product} {ergonomic}
   size_t MaxHeapSize                              = 2147483648                                {product} {command line}
   size_t MaxMetaspaceSize                         = 536870912                                 {product} {command line}
   size_t MaxNewSize                               = 1287651328                                {product} {ergonomic}
   size_t MinHeapDeltaBytes                        = 1048576                                   {product} {ergonomic}
   size_t MinHeapSize                              = 8388608                                   {product} {ergonomic}
    uintx NonNMethodCodeHeapSize                   = 5839372                                {pd product} {ergonomic}
    uintx NonProfiledCodeHeapSize                  = 122909434                              {pd product} {ergonomic}
    uintx ProfiledCodeHeapSize                     = 122909434                              {pd product} {ergonomic}
    uintx ReservedCodeCacheSize                    = 251658240                              {pd product} {ergonomic}
     bool SegmentedCodeCache                       = true                                      {product} {ergonomic}
   size_t SoftMaxHeapSize                          = 2147483648                             {manageable} {ergonomic}
     bool UseCompressedOops                        = true                           {product lp64_product} {ergonomic}
     bool UseG1GC                                  = true                                      {product} {ergonomic}
     bool UseLargePagesIndividualAllocation        = false                                  {pd product} {ergonomic}

Logging:
Log output configuration:
 #0: stdout all=warning uptime,level,tags foldmultilines=false
 #1: stderr all=off uptime,level,tags foldmultilines=false

Environment Variables:
JAVA_HOME=C:\Program Files\Java\jdk-21
PATH=C:\Program Files\Eclipse Adoptium\jdk-17.0.16.8-hotspot\bin;C:\Program Files\Microsoft\jdk-11.0.12.7-hotspot\bin;C:\Windows\system32;C:\Windows;C:\Windows\System32\Wbem;C:\Windows\System32\WindowsPowerShell\v1.0\;C:\Windows\System32\OpenSSH\;C:\Program Files (x86)\NVIDIA Corporation\PhysX\Common;C:\Program Files\NVIDIA Corporation\NVIDIA NvDLISR;C:\Program Files\Microsoft SQL Server\150\Tools\Binn\;C:\Program Files\Microsoft SQL Server\Client SDK\ODBC\170\Tools\Binn\;C:\Program Files\dotnet\;C:\Program Files\Git\cmd;C:\WINDOWS\system32;C:\WINDOWS;C:\WINDOWS\System32\Wbem;C:\WINDOWS\System32\WindowsPowerShell\v1.0\;C:\WINDOWS\System32\OpenSSH\;C:\Program Files (x86)\dotnet\;C:\Users\shanm\AppData\Roaming\nvm;C:\Program Files\nodejs;C:\Program Files\nodejs\;%ANDROID_HOME%\platform-tools;%ANDROID_HOME%\emulator;C:\Users\shanm\.windows-build-tools\python27\;C:\Program Files\nodejs\node_modules\npm\node_modules\npm-lifecycle\node-gyp-bin;C:\Users\shanm\AppData\Roaming\npm\node_modules\windows-build-tools\node_modules\.bin;C:\Users\shanm\AppData\Roaming\npm\node_modules\.bin;C:\Program Files\nodejs\;C:\Program Files\Microsoft\jdk-11.0.12.7-hotspot\bin;C:\Windows\system32;C:\Windows;C:\Windows\System32\Wbem;C:\Windows\System32\WindowsPowerShell\v1.0\;C:\Windows\System32\OpenSSH\;C:\Program Files (x86)\NVIDIA Corporation\PhysX\Common;C:\Program Files\NVIDIA Corporation\NVIDIA NvDLISR;C:\Program Files\Microsoft SQL Server\150\Tools\Binn\;C:\Program Files\Microsoft SQL Server\Client SDK\ODBC\170\Tools\Binn\;C:\Program Files\dotnet\;C:\Program Files\Git\cmd;C:\WINDOWS\system32;C:\WINDOWS;C:\WINDOWS\System32\Wbem;C:\WINDOWS\System32\WindowsPowerShell\v1.0\;C:\WINDOWS\System32\OpenSSH\;C:\Program Files (x86)\dotnet\;C:\Users\shanm\AppData\Local\Microsoft\WindowsApps;C:\Users\shanm\.dotnet\tools;C:\Users\shanm\AppData\Local\Programs\Microsoft VS Code\bin;C:\Users\shanm\AppData\Local\Microsoft\WindowsApps;C:\Users\shanm\AppData\Roaming\nvm;C:\Program Files\nodejs;C:\Users\shanm\.dotnet\tools;C:\Users\shanm\AppData\Roaming\npm;C:\Users\shanm\AppData\Local\Android\Sdk\platform-tools;C:\Users\shanm\AppData\Local\Android\Sdk\emulator;C:\Users\shanm\AppData\Local\Programs\cursor\resources\app\bin
USERNAME=shanm
LANG=en_US.UTF-8
OS=Windows_NT
PROCESSOR_IDENTIFIER=AMD64 Family 23 Model 96 Stepping 1, AuthenticAMD
TMP=C:\Users\shanm\AppData\Local\Temp
TEMP=C:\Users\shanm\AppData\Local\Temp




Periodic native trim disabled

---------------  S Y S T E M  ---------------

OS:
 Windows 11 , 64 bit Build 26100 (10.0.26100.4768)
OS uptime: 3 days 23:13 hours

CPU: total 12 (initial active 12) (12 cores per cpu, 2 threads per core) family 23 model 96 stepping 1 microcode 0x8600104, cx8, cmov, fxsr, ht, mmx, 3dnowpref, sse, sse2, sse3, ssse3, sse4a, sse4.1, sse4.2, popcnt, lzcnt, tsc, tscinvbit, avx, avx2, aes, clmul, bmi1, bmi2, adx, sha, fma, vzeroupper, clflush, clflushopt, rdtscp, rdpid, f16c
Processor Information for all 12 processors :
  Max Mhz: 3000, Current Mhz: 1700, Mhz Limit: 3000

Memory: 4k page, system-wide physical 7549M (468M free)
TotalPageFile size 31082M (AvailPageFile size 229M)
current process WorkingSet (physical memory assigned to process): 494M, peak: 507M
current process commit charge ("private bytes"): 551M, peak: 877M

vm_info: Java HotSpot(TM) 64-Bit Server VM (21.0.1+12-LTS-29) for windows-amd64 JRE (21.0.1+12-LTS-29), built on 2023-10-05T13:27:09Z by "mach5one" with MS VC++ 17.1 (VS2022)

END.
